{"type":"FeatureCollection","features":[{"type":"Feature","properties":{"kind":"poi","name":"Thaggatti HSC","amenity":"fixme","cat":"fixme"},"geometry":{"type":"Point","coordinates":[77.6441044,12.33588]}},{"type":"Feature","properties":{"kind":"poi","name":"Thaggatti HSC","amenity":"fixme","cat":"fixme"},"geometry":{"type":"Point","coordinates":[77.6445016,12.3355383]}},{"type":"Feature","properties":{"kind":"poi","name":"Thaggatti HSC","amenity":"fixme","cat":"fixme"},"geometry":{"type":"Point","coordinates":[77.6440067,12.3351133]}},{"type":"Feature","properties":{"kind":"poi","name":"Thaggatti SC Colony ICDS","amenity":"childcare","cat":"childcare"},"geometry":{"type":"Point","coordinates":[77.6424433,12.34163]}},{"type":"Feature","properties":{"kind":"poi","name":"Thaggatti HSC","amenity":"fixme","cat":"fixme"},"geometry":{"type":"Point","coordinates":[77.6431267,12.33485]}},{"type":"Feature","properties":{"kind":"poi","name":"Thaggatti ICDS","amenity":"childcare","cat":"childcare"},"geometry":{"type":"Point","coordinates":[77.643775,12.3373567]}},{"type":"Feature","properties":{"kind":"poi","name":"Thaggatti HSC","amenity":"fixme","cat":"fixme"},"geometry":{"type":"Point","coordinates":[77.6441816,12.3359902]}},{"type":"Feature","properties":{"kind":"infra","man_made":"tower"},"geometry":{"type":"Point","coordinates":[77.6409054,12.3511812]}},{"type":"Feature","properties":{"kind":"gate"},"geometry":{"type":"Point","coordinates":[77.6442336,12.3522236]}},{"type":"Feature","properties":{"kind":"poi","name":"Sri Chikkamma Doddamma Devi Temple","amenity":"place_of_worship","cat":"place_of_worship"},"geometry":{"type":"Point","coordinates":[77.6530913,12.3457421]}},{"type":"Feature","properties":{"kind":"infra","man_made":"survey_point"},"geometry":{"type":"Point","coordinates":[77.6484399,12.3452856]}},{"type":"Feature","properties":{"kind":"leisure"},"geometry":{"type":"Point","coordinates":[77.6454064,12.3502778]}},{"type":"Feature","properties":{"kind":"infra","man_made":"survey_point"},"geometry":{"type":"Point","coordinates":[77.6481717,12.344668]}},{"type":"Feature","properties":{"kind":"infra","man_made":"survey_point"},"geometry":{"type":"Point","coordinates":[77.6482214,12.3446799]}},{"type":"Feature","properties":{"kind":"infra","man_made":"survey_point"},"geometry":{"type":"Point","coordinates":[77.6484065,12.3447287]}},{"type":"Feature","properties":{"kind":"infra","man_made":"survey_point"},"geometry":{"type":"Point","coordinates":[77.6478649,12.3451812]}},{"type":"Feature","properties":{"kind":"infra","man_made":"survey_point"},"geometry":{"type":"Point","coordinates":[77.6477732,12.3452965]}},{"type":"Feature","properties":{"kind":"water_infra","man_made":"water_well"},"geometry":{"type":"Point","coordinates":[77.6452631,12.3493332]}},{"type":"Feature","properties":{"kind":"gate"},"geometry":{"type":"Point","coordinates":[77.6450885,12.3501889]}},{"type":"Feature","properties":{"kind":"water_infra","man_made":"water_well"},"geometry":{"type":"Point","coordinates":[77.6447816,12.3481544]}},{"type":"Feature","properties":{"kind":"leisure"},"geometry":{"type":"Point","coordinates":[77.646461,12.3518621]}},{"type":"Feature","properties":{"kind":"tree"},"geometry":{"type":"Point","coordinates":[77.6479407,12.3529638]}},{"type":"Feature","properties":{"kind":"tree"},"geometry":{"type":"Point","coordinates":[77.6469912,12.3530385]}},{"type":"Feature","properties":{"kind":"tree"},"geometry":{"type":"Point","coordinates":[77.6467538,12.3530975]}},{"type":"Feature","properties":{"kind":"tree"},"geometry":{"type":"Point","coordinates":[77.6462442,12.35239]}},{"type":"Feature","properties":{"kind":"tree","leaf_type":"broadleaved","leaf_cycle":"evergreen","species_en":"Neem"},"geometry":{"type":"Point","coordinates":[77.6451418,12.3517285]}},{"type":"Feature","properties":{"kind":"tree","leaf_type":"broadleaved","leaf_cycle":"evergreen","species_en":"Neem"},"geometry":{"type":"Point","coordinates":[77.6451418,12.3517344]}},{"type":"Feature","properties":{"kind":"tree","leaf_type":"broadleaved","leaf_cycle":"evergreen","species_en":"Neem"},"geometry":{"type":"Point","coordinates":[77.6449446,12.3509935]}},{"type":"Feature","properties":{"kind":"tree"},"geometry":{"type":"Point","coordinates":[77.6452598,12.350852]}},{"type":"Feature","properties":{"kind":"tree"},"geometry":{"type":"Point","coordinates":[77.645768,12.3497542]}},{"type":"Feature","properties":{"kind":"tree"},"geometry":{"type":"Point","coordinates":[77.6485871,12.3468838]}},{"type":"Feature","properties":{"kind":"tree","leaf_type":"broadleaved","leaf_cycle":"evergreen","species_en":"Neem"},"geometry":{"type":"Point","coordinates":[77.6449822,12.3513413]}},{"type":"Feature","properties":{"kind":"tree","leaf_type":"broadleaved","leaf_cycle":"evergreen","species_en":"Neem"},"geometry":{"type":"Point","coordinates":[77.6449815,12.3513499]}},{"type":"Feature","properties":{"kind":"tree","leaf_type":"broadleaved","leaf_cycle":"evergreen","species_en":"Neem"},"geometry":{"type":"Point","coordinates":[77.6441842,12.3517468]}},{"type":"Feature","properties":{"kind":"tree","leaf_type":"broadleaved","leaf_cycle":"evergreen","species_en":"Neem"},"geometry":{"type":"Point","coordinates":[77.6441306,12.3518071]}},{"type":"Feature","properties":{"kind":"tree","leaf_type":"broadleaved","leaf_cycle":"evergreen","species_en":"Neem"},"geometry":{"type":"Point","coordinates":[77.6441266,12.3518215]}},{"type":"Feature","properties":{"kind":"tree","leaf_type":"broadleaved","leaf_cycle":"evergreen","species_en":"Neem"},"geometry":{"type":"Point","coordinates":[77.644309,12.3520403]}},{"type":"Feature","properties":{"kind":"tree","leaf_type":"broadleaved","leaf_cycle":"evergreen","species_en":"Neem"},"geometry":{"type":"Point","coordinates":[77.6451418,12.3525938]}},{"type":"Feature","properties":{"kind":"tree"},"geometry":{"type":"Point","coordinates":[77.6456286,12.3531856]}},{"type":"Feature","properties":{"kind":"tree"},"geometry":{"type":"Point","coordinates":[77.6456246,12.3531797]}},{"type":"Feature","properties":{"kind":"tree"},"geometry":{"type":"Point","coordinates":[77.6455387,12.3533637]}},{"type":"Feature","properties":{"kind":"tree","leaf_type":"broadleaved","leaf_cycle":"evergreen","species_en":"Neem"},"geometry":{"type":"Point","coordinates":[77.6476128,12.3524857]}},{"type":"Feature","properties":{"kind":"tree"},"geometry":{"type":"Point","coordinates":[77.6476034,12.3524765]}},{"type":"Feature","properties":{"kind":"tree"},"geometry":{"type":"Point","coordinates":[77.6473144,12.3517782]}},{"type":"Feature","properties":{"kind":"tree","leaf_type":"broadleaved","leaf_cycle":"deciduous","species_en":"Tamarind"},"geometry":{"type":"Point","coordinates":[77.6478709,12.3510826]}},{"type":"Feature","properties":{"kind":"tree","leaf_type":"broadleaved","leaf_cycle":"deciduous","species_en":"Tamarind"},"geometry":{"type":"Point","coordinates":[77.6478703,12.3510931]}},{"type":"Feature","properties":{"kind":"tree"},"geometry":{"type":"Point","coordinates":[77.6483537,12.3495013]}},{"type":"Feature","properties":{"kind":"tree"},"geometry":{"type":"Point","coordinates":[77.646725,12.3500444]}},{"type":"Feature","properties":{"kind":"tree"},"geometry":{"type":"Point","coordinates":[77.646725,12.3500496]}},{"type":"Feature","properties":{"kind":"tree"},"geometry":{"type":"Point","coordinates":[77.6460564,12.3501918]}},{"type":"Feature","properties":{"kind":"tree"},"geometry":{"type":"Point","coordinates":[77.6452906,12.347721]}},{"type":"Feature","properties":{"kind":"tree"},"geometry":{"type":"Point","coordinates":[77.6452719,12.3476764]}},{"type":"Feature","properties":{"kind":"tree","leaf_type":"broadleaved","leaf_cycle":"evergreen","species_en":"Neem"},"geometry":{"type":"Point","coordinates":[77.6479769,12.3472664]}},{"type":"Feature","properties":{"kind":"tree","leaf_type":"broadleaved","leaf_cycle":"evergreen","species_en":"Neem"},"geometry":{"type":"Point","coordinates":[77.6481391,12.3474013]}},{"type":"Feature","properties":{"kind":"tree","leaf_type":"broadleaved","leaf_cycle":"evergreen","species_en":"Neem"},"geometry":{"type":"Point","coordinates":[77.6489881,12.347248]}},{"type":"Feature","properties":{"kind":"tree","leaf_type":"broadleaved","leaf_cycle":"evergreen","species_en":"Neem"},"geometry":{"type":"Point","coordinates":[77.6489599,12.347248]}},{"type":"Feature","properties":{"kind":"tree"},"geometry":{"type":"Point","coordinates":[77.6503935,12.3470685]}},{"type":"Feature","properties":{"kind":"tree"},"geometry":{"type":"Point","coordinates":[77.6502085,12.3466637]}},{"type":"Feature","properties":{"kind":"tree","leaf_type":"broadleaved","leaf_cycle":"evergreen","species_en":"Jackfruit"},"geometry":{"type":"Point","coordinates":[77.6507355,12.344844]}},{"type":"Feature","properties":{"kind":"tree"},"geometry":{"type":"Point","coordinates":[77.6500972,12.3463925]}},{"type":"Feature","properties":{"kind":"tree"},"geometry":{"type":"Point","coordinates":[77.650132,12.3463716]}},{"type":"Feature","properties":{"kind":"tree","leaf_type":"broadleaved","leaf_cycle":"deciduous","species_en":"Tamarind"},"geometry":{"type":"Point","coordinates":[77.6500623,12.3456576]}},{"type":"Feature","properties":{"kind":"tree"},"geometry":{"type":"Point","coordinates":[77.6503855,12.3454768]}},{"type":"Feature","properties":{"kind":"tree"},"geometry":{"type":"Point","coordinates":[77.6498303,12.346086]}},{"type":"Feature","properties":{"kind":"tree"},"geometry":{"type":"Point","coordinates":[77.649837,12.3460454]}},{"type":"Feature","properties":{"kind":"tree"},"geometry":{"type":"Point","coordinates":[77.6489988,12.34631]}},{"type":"Feature","properties":{"kind":"tree"},"geometry":{"type":"Point","coordinates":[77.6493327,12.3462275]}},{"type":"Feature","properties":{"kind":"tree"},"geometry":{"type":"Point","coordinates":[77.6469268,12.3465]}},{"type":"Feature","properties":{"kind":"tree","leaf_type":"broadleaved","leaf_cycle":"deciduous","species_en":"Tamarind"},"geometry":{"type":"Point","coordinates":[77.6465332,12.3476325]}},{"type":"Feature","properties":{"kind":"tree","leaf_type":"broadleaved","leaf_cycle":"deciduous","species_en":"Tamarind"},"geometry":{"type":"Point","coordinates":[77.6462401,12.3473522]}},{"type":"Feature","properties":{"kind":"tree","leaf_type":"broadleaved","leaf_cycle":"deciduous","species_en":"Tamarind"},"geometry":{"type":"Point","coordinates":[77.646507,12.3474616]}},{"type":"Feature","properties":{"kind":"tree","leaf_type":"broadleaved","leaf_cycle":"deciduous","species_en":"Tamarind"},"geometry":{"type":"Point","coordinates":[77.6477563,12.3472231]}},{"type":"Feature","properties":{"kind":"tree","leaf_type":"broadleaved","leaf_cycle":"deciduous","species_en":"Tamarind"},"geometry":{"type":"Point","coordinates":[77.6477093,12.3472284]}},{"type":"Feature","properties":{"kind":"tree","leaf_type":"broadleaved","leaf_cycle":"deciduous","species_en":"Tamarind"},"geometry":{"type":"Point","coordinates":[77.6475846,12.3472834]}},{"type":"Feature","properties":{"kind":"tree","leaf_type":"broadleaved","leaf_cycle":"evergreen","species_en":"Neem"},"geometry":{"type":"Point","coordinates":[77.6473881,12.3473266]}},{"type":"Feature","properties":{"kind":"tree","leaf_type":"broadleaved","leaf_cycle":"evergreen","species_en":"Neem"},"geometry":{"type":"Point","coordinates":[77.6473767,12.3473273]}},{"type":"Feature","properties":{"kind":"tree","leaf_type":"broadleaved","leaf_cycle":"evergreen","species_en":"Neem"},"geometry":{"type":"Point","coordinates":[77.6474243,12.3473528]}},{"type":"Feature","properties":{"kind":"tree","leaf_type":"broadleaved","leaf_cycle":"evergreen","species_en":"Neem"},"geometry":{"type":"Point","coordinates":[77.6473626,12.3473862]}},{"type":"Feature","properties":{"kind":"tree","leaf_type":"broadleaved","leaf_cycle":"evergreen","species_en":"Neem"},"geometry":{"type":"Point","coordinates":[77.6470126,12.3472546]}},{"type":"Feature","properties":{"kind":"tree","leaf_type":"broadleaved","leaf_cycle":"evergreen","species_en":"Neem"},"geometry":{"type":"Point","coordinates":[77.6465171,12.3473312]}},{"type":"Feature","properties":{"kind":"tree","leaf_type":"broadleaved","leaf_cycle":"evergreen","species_en":"Neem"},"geometry":{"type":"Point","coordinates":[77.6465104,12.3473581]}},{"type":"Feature","properties":{"kind":"tree","leaf_type":"broadleaved","leaf_cycle":"evergreen","species_en":"Neem"},"geometry":{"type":"Point","coordinates":[77.6462013,12.3473803]}},{"type":"Feature","properties":{"kind":"tree","leaf_type":"broadleaved","leaf_cycle":"evergreen","species_en":"Neem"},"geometry":{"type":"Point","coordinates":[77.6464547,12.3472952]}},{"type":"Feature","properties":{"kind":"tree","leaf_type":"broadleaved","leaf_cycle":"evergreen","species_en":"Neem"},"geometry":{"type":"Point","coordinates":[77.6469778,12.3470515]}},{"type":"Feature","properties":{"kind":"tree","leaf_type":"broadleaved","leaf_cycle":"evergreen","species_en":"Neem"},"geometry":{"type":"Point","coordinates":[77.6470461,12.347024]}},{"type":"Feature","properties":{"kind":"tree","leaf_type":"broadleaved","leaf_cycle":"evergreen","species_en":"Neem"},"geometry":{"type":"Point","coordinates":[77.6475706,12.3466415]}},{"type":"Feature","properties":{"kind":"tree","leaf_type":"broadleaved","leaf_cycle":"evergreen","species_en":"Neem"},"geometry":{"type":"Point","coordinates":[77.6474337,12.3465327]}},{"type":"Feature","properties":{"kind":"tree","leaf_type":"broadleaved","leaf_cycle":"evergreen","species_en":"Neem"},"geometry":{"type":"Point","coordinates":[77.6468678,12.346796]}},{"type":"Feature","properties":{"kind":"tree","leaf_type":"broadleaved","leaf_cycle":"evergreen","species_en":"Neem"},"geometry":{"type":"Point","coordinates":[77.6459253,12.3464675]}},{"type":"Feature","properties":{"kind":"tree","leaf_type":"broadleaved","leaf_cycle":"evergreen","species_en":"Neem"},"geometry":{"type":"Point","coordinates":[77.6459203,12.3464865]}},{"type":"Feature","properties":{"kind":"tree","leaf_type":"broadleaved","leaf_cycle":"evergreen","species_en":"Neem"},"geometry":{"type":"Point","coordinates":[77.645919,12.3464862]}},{"type":"Feature","properties":{"kind":"tree","leaf_type":"broadleaved","leaf_cycle":"evergreen","species_en":"Neem"},"geometry":{"type":"Point","coordinates":[77.645921,12.3465216]}},{"type":"Feature","properties":{"kind":"tree","leaf_type":"broadleaved","leaf_cycle":"evergreen","species_en":"Neem"},"geometry":{"type":"Point","coordinates":[77.6459153,12.3465262]}},{"type":"Feature","properties":{"kind":"tree"},"geometry":{"type":"Point","coordinates":[77.6447254,12.3477792]}},{"type":"Feature","properties":{"kind":"tree","leaf_type":"broadleaved","leaf_cycle":"evergreen","species_en":"Neem"},"geometry":{"type":"Point","coordinates":[77.6447495,12.3474445]}},{"type":"Feature","properties":{"kind":"tree","leaf_type":"broadleaved","leaf_cycle":"deciduous","species_en":"Tamarind"},"geometry":{"type":"Point","coordinates":[77.6441145,12.3495708]}},{"type":"Feature","properties":{"kind":"tree"},"geometry":{"type":"Point","coordinates":[77.6468822,12.3496589]}},{"type":"Feature","properties":{"kind":"tree","leaf_type":"broadleaved","leaf_cycle":"semi_evergreen","species_en":"Honge"},"geometry":{"type":"Point","coordinates":[77.6470461,12.3491083]}},{"type":"Feature","properties":{"kind":"tree"},"geometry":{"type":"Point","coordinates":[77.646798,12.3485214]}},{"type":"Feature","properties":{"kind":"tree"},"geometry":{"type":"Point","coordinates":[77.6466385,12.3481428]}},{"type":"Feature","properties":{"kind":"tree","leaf_type":"broadleaved","leaf_cycle":"evergreen","species_en":"Mango"},"geometry":{"type":"Point","coordinates":[77.6463139,12.3482188]}},{"type":"Feature","properties":{"kind":"tree","species_en":"Malabar neem"},"geometry":{"type":"Point","coordinates":[77.6463628,12.3482044]}},{"type":"Feature","properties":{"kind":"tree","leaf_type":"broadleaved","leaf_cycle":"evergreen","species_en":"Jackfruit"},"geometry":{"type":"Point","coordinates":[77.6458264,12.3484546]}},{"type":"Feature","properties":{"kind":"tree"},"geometry":{"type":"Point","coordinates":[77.645805,12.3487526]}},{"type":"Feature","properties":{"kind":"tree"},"geometry":{"type":"Point","coordinates":[77.6460671,12.3486812]}},{"type":"Feature","properties":{"kind":"tree"},"geometry":{"type":"Point","coordinates":[77.6453523,12.3489695]}},{"type":"Feature","properties":{"kind":"tree"},"geometry":{"type":"Point","coordinates":[77.6453342,12.3489708]}},{"type":"Feature","properties":{"kind":"tree"},"geometry":{"type":"Point","coordinates":[77.6453041,12.3489688]}},{"type":"Feature","properties":{"kind":"tree"},"geometry":{"type":"Point","coordinates":[77.6455099,12.3489596]}},{"type":"Feature","properties":{"kind":"tree"},"geometry":{"type":"Point","coordinates":[77.6459069,12.3491627]}},{"type":"Feature","properties":{"kind":"tree","leaf_type":"broadleaved","leaf_cycle":"evergreen","species_en":"Neem"},"geometry":{"type":"Point","coordinates":[77.6454663,12.3489105]}},{"type":"Feature","properties":{"kind":"tree","leaf_type":"broadleaved","leaf_cycle":"evergreen","species_en":"Neem"},"geometry":{"type":"Point","coordinates":[77.644946,12.3486367]}},{"type":"Feature","properties":{"kind":"tree"},"geometry":{"type":"Point","coordinates":[77.6456501,12.3492629]}},{"type":"Feature","properties":{"kind":"tree","leaf_type":"broadleaved","leaf_cycle":"evergreen","species_en":"Neem"},"geometry":{"type":"Point","coordinates":[77.6442419,12.3493238]}},{"type":"Feature","properties":{"kind":"tree"},"geometry":{"type":"Point","coordinates":[77.6444632,12.3493055]}},{"type":"Feature","properties":{"kind":"tree"},"geometry":{"type":"Point","coordinates":[77.6474827,12.3510702]}},{"type":"Feature","properties":{"kind":"tree","leaf_type":"broadleaved","leaf_cycle":"evergreen","species_en":"Neem"},"geometry":{"type":"Point","coordinates":[77.6481324,12.3507119]}},{"type":"Feature","properties":{"kind":"tree","leaf_type":"broadleaved","leaf_cycle":"evergreen","species_en":"Neem"},"geometry":{"type":"Point","coordinates":[77.647187,12.352244]}},{"type":"Feature","properties":{"kind":"tree","leaf_type":"broadleaved","leaf_cycle":"evergreen","species_en":"Neem"},"geometry":{"type":"Point","coordinates":[77.647659,12.3494837]}},{"type":"Feature","properties":{"kind":"tree"},"geometry":{"type":"Point","coordinates":[77.6466861,12.3535815]}},{"type":"Feature","properties":{"kind":"tree"},"geometry":{"type":"Point","coordinates":[77.6468369,12.3534433]}},{"type":"Feature","properties":{"kind":"tree","leaf_type":"broadleaved","leaf_cycle":"deciduous","species_en":"Tamarind"},"geometry":{"type":"Point","coordinates":[77.6466022,12.3536346]}},{"type":"Feature","properties":{"kind":"tree","leaf_type":"broadleaved","leaf_cycle":"deciduous","species_en":"Tamarind"},"geometry":{"type":"Point","coordinates":[77.649275,12.3479434]}},{"type":"Feature","properties":{"kind":"tree"},"geometry":{"type":"Point","coordinates":[77.6479581,12.3515837]}},{"type":"Feature","properties":{"kind":"tree","leaf_type":"broadleaved","leaf_cycle":"evergreen","species_en":"Neem"},"geometry":{"type":"Point","coordinates":[77.6457791,12.3536051]}},{"type":"Feature","properties":{"kind":"tree"},"geometry":{"type":"Point","coordinates":[77.6475189,12.3532887]}},{"type":"Feature","properties":{"kind":"tree","leaf_type":"broadleaved","leaf_cycle":"evergreen","species_en":"Neem"},"geometry":{"type":"Point","coordinates":[77.6442613,12.3512739]}},{"type":"Feature","properties":{"kind":"tree"},"geometry":{"type":"Point","coordinates":[77.6450606,12.3560149]}},{"type":"Feature","properties":{"kind":"tree"},"geometry":{"type":"Point","coordinates":[77.6478052,12.3502507]}},{"type":"Feature","properties":{"kind":"tree","leaf_type":"broadleaved","leaf_cycle":"deciduous","species_en":"Tamarind"},"geometry":{"type":"Point","coordinates":[77.6489545,12.3477688]}},{"type":"Feature","properties":{"kind":"tree","leaf_type":"broadleaved","leaf_cycle":"deciduous","species_en":"Tamarind"},"geometry":{"type":"Point","coordinates":[77.6489659,12.347772]}},{"type":"Feature","properties":{"kind":"tree","leaf_type":"broadleaved","leaf_cycle":"deciduous","species_en":"Tamarind"},"geometry":{"type":"Point","coordinates":[77.6489673,12.3478212]}},{"type":"Feature","properties":{"kind":"tree","leaf_type":"broadleaved","leaf_cycle":"deciduous","species_en":"Tamarind"},"geometry":{"type":"Point","coordinates":[77.6489572,12.3478382]}},{"type":"Feature","properties":{"kind":"tree","leaf_type":"broadleaved","leaf_cycle":"deciduous","species_en":"Tamarind"},"geometry":{"type":"Point","coordinates":[77.648968,12.3478441]}},{"type":"Feature","properties":{"kind":"tree","leaf_type":"broadleaved","leaf_cycle":"deciduous","species_en":"Tamarind"},"geometry":{"type":"Point","coordinates":[77.6490283,12.3479581]}},{"type":"Feature","properties":{"kind":"tree"},"geometry":{"type":"Point","coordinates":[77.6458137,12.3537073]}},{"type":"Feature","properties":{"kind":"tree"},"geometry":{"type":"Point","coordinates":[77.6459391,12.3539398]}},{"type":"Feature","properties":{"kind":"tree","leaf_type":"broadleaved","leaf_cycle":"deciduous","species_en":"Tamarind"},"geometry":{"type":"Point","coordinates":[77.6468745,12.3537204]}},{"type":"Feature","properties":{"kind":"tree"},"geometry":{"type":"Point","coordinates":[77.6469489,12.3523868]}},{"type":"Feature","properties":{"kind":"tree"},"geometry":{"type":"Point","coordinates":[77.6469462,12.3524045]}},{"type":"Feature","properties":{"kind":"tree","leaf_type":"broadleaved","leaf_cycle":"evergreen","species_en":"Neem"},"geometry":{"type":"Point","coordinates":[77.6466787,12.3523573]}},{"type":"Feature","properties":{"kind":"tree","leaf_type":"broadleaved","leaf_cycle":"evergreen","species_en":"Neem"},"geometry":{"type":"Point","coordinates":[77.6467015,12.3525243]}},{"type":"Feature","properties":{"kind":"tree","leaf_type":"broadleaved","leaf_cycle":"evergreen","species_en":"Neem"},"geometry":{"type":"Point","coordinates":[77.6466961,12.352525]}},{"type":"Feature","properties":{"kind":"tree","leaf_type":"broadleaved","leaf_cycle":"deciduous","species_en":"Tamarind"},"geometry":{"type":"Point","coordinates":[77.6452028,12.3502926]}},{"type":"Feature","properties":{"kind":"tree"},"geometry":{"type":"Point","coordinates":[77.6488104,12.3532756]}},{"type":"Feature","properties":{"kind":"tree","leaf_type":"broadleaved","leaf_cycle":"evergreen","species_en":"Neem"},"geometry":{"type":"Point","coordinates":[77.6450808,12.3481199]}},{"type":"Feature","properties":{"kind":"tree"},"geometry":{"type":"Point","coordinates":[77.6450801,12.347871]}},{"type":"Feature","properties":{"kind":"tree","leaf_type":"broadleaved","leaf_cycle":"evergreen","species_en":"Neem"},"geometry":{"type":"Point","coordinates":[77.6470019,12.3516643]}},{"type":"Feature","properties":{"kind":"tree"},"geometry":{"type":"Point","coordinates":[77.6470153,12.3516485]}},{"type":"Feature","properties":{"kind":"tree"},"geometry":{"type":"Point","coordinates":[77.6468074,12.3514442]}},{"type":"Feature","properties":{"kind":"tree","leaf_type":"broadleaved","leaf_cycle":"evergreen","species_en":"Neem"},"geometry":{"type":"Point","coordinates":[77.6466344,12.3515162]}},{"type":"Feature","properties":{"kind":"tree","leaf_type":"broadleaved","leaf_cycle":"evergreen","species_en":"Neem"},"geometry":{"type":"Point","coordinates":[77.6466344,12.3515097]}},{"type":"Feature","properties":{"kind":"tree","leaf_type":"broadleaved","leaf_cycle":"evergreen","species_en":"Neem"},"geometry":{"type":"Point","coordinates":[77.6468517,12.35119]}},{"type":"Feature","properties":{"kind":"tree","leaf_type":"broadleaved","leaf_cycle":"evergreen","species_en":"Neem"},"geometry":{"type":"Point","coordinates":[77.6468302,12.3511887]}},{"type":"Feature","properties":{"kind":"tree"},"geometry":{"type":"Point","coordinates":[77.6487621,12.3490454]}},{"type":"Feature","properties":{"kind":"tree","leaf_type":"broadleaved","leaf_cycle":"evergreen","species_en":"Neem"},"geometry":{"type":"Point","coordinates":[77.6488131,12.348995]}},{"type":"Feature","properties":{"kind":"tree"},"geometry":{"type":"Point","coordinates":[77.6469838,12.3520429]}},{"type":"Feature","properties":{"kind":"tree"},"geometry":{"type":"Point","coordinates":[77.6484248,12.3538475]}},{"type":"Feature","properties":{"kind":"tree","leaf_type":"broadleaved","leaf_cycle":"evergreen","species_en":"Neem"},"geometry":{"type":"Point","coordinates":[77.6483142,12.3537355]}},{"type":"Feature","properties":{"kind":"tree","leaf_type":"broadleaved","leaf_cycle":"evergreen","species_en":"Neem"},"geometry":{"type":"Point","coordinates":[77.6451398,12.3518437]}},{"type":"Feature","properties":{"kind":"tree","leaf_type":"broadleaved","leaf_cycle":"evergreen","species_en":"Neem"},"geometry":{"type":"Point","coordinates":[77.6450821,12.3519505]}},{"type":"Feature","properties":{"kind":"tree"},"geometry":{"type":"Point","coordinates":[77.6455441,12.3517868]}},{"type":"Feature","properties":{"kind":"tree"},"geometry":{"type":"Point","coordinates":[77.6455609,12.3517344]}},{"type":"Feature","properties":{"kind":"tree"},"geometry":{"type":"Point","coordinates":[77.6456098,12.3517029]}},{"type":"Feature","properties":{"kind":"tree"},"geometry":{"type":"Point","coordinates":[77.6454596,12.3516852]}},{"type":"Feature","properties":{"kind":"tree"},"geometry":{"type":"Point","coordinates":[77.6450372,12.3544026]}},{"type":"Feature","properties":{"kind":"tree"},"geometry":{"type":"Point","coordinates":[77.6451223,12.3548542]}},{"type":"Feature","properties":{"kind":"tree"},"geometry":{"type":"Point","coordinates":[77.6479011,12.351414]}},{"type":"Feature","properties":{"kind":"tree"},"geometry":{"type":"Point","coordinates":[77.6478884,12.3514121]}},{"type":"Feature","properties":{"kind":"tree"},"geometry":{"type":"Point","coordinates":[77.6478867,12.3513358]}},{"type":"Feature","properties":{"kind":"tree","leaf_type":"broadleaved","leaf_cycle":"evergreen","species_en":"Neem"},"geometry":{"type":"Point","coordinates":[77.6456752,12.3535737]}},{"type":"Feature","properties":{"kind":"tree","leaf_type":"broadleaved","leaf_cycle":"evergreen","species_en":"Neem"},"geometry":{"type":"Point","coordinates":[77.6483333,12.3482312]}},{"type":"Feature","properties":{"kind":"tree","leaf_type":"broadleaved","leaf_cycle":"evergreen","species_en":"Neem"},"geometry":{"type":"Point","coordinates":[77.6483276,12.3482207]}},{"type":"Feature","properties":{"kind":"tree","leaf_type":"broadleaved","leaf_cycle":"evergreen","species_en":"Neem"},"geometry":{"type":"Point","coordinates":[77.6483165,12.3482204]}},{"type":"Feature","properties":{"kind":"tree","leaf_type":"broadleaved","leaf_cycle":"evergreen","species_en":"Neem"},"geometry":{"type":"Point","coordinates":[77.6476215,12.3481153]}},{"type":"Feature","properties":{"kind":"tree","leaf_type":"broadleaved","leaf_cycle":"evergreen","species_en":"Neem"},"geometry":{"type":"Point","coordinates":[77.6479648,12.3482725]}},{"type":"Feature","properties":{"kind":"tree"},"geometry":{"type":"Point","coordinates":[77.6483417,12.3483603]}},{"type":"Feature","properties":{"kind":"tree"},"geometry":{"type":"Point","coordinates":[77.6472544,12.3536801]}},{"type":"Feature","properties":{"kind":"tree"},"geometry":{"type":"Point","coordinates":[77.6471518,12.3511121]}},{"type":"Feature","properties":{"kind":"tree"},"geometry":{"type":"Point","coordinates":[77.6472728,12.3510931]}},{"type":"Feature","properties":{"kind":"tree","leaf_type":"broadleaved","leaf_cycle":"evergreen","species_en":"Neem"},"geometry":{"type":"Point","coordinates":[77.6472708,12.3511104]}},{"type":"Feature","properties":{"kind":"tree"},"geometry":{"type":"Point","coordinates":[77.6461899,12.3490402]}},{"type":"Feature","properties":{"kind":"tree","leaf_type":"broadleaved","leaf_cycle":"deciduous","species_en":"Tamarind"},"geometry":{"type":"Point","coordinates":[77.6488043,12.3482768]}},{"type":"Feature","properties":{"kind":"tree","leaf_type":"broadleaved","leaf_cycle":"deciduous","species_en":"Tamarind"},"geometry":{"type":"Point","coordinates":[77.6487872,12.3482689]}},{"type":"Feature","properties":{"kind":"tree","leaf_type":"broadleaved","leaf_cycle":"deciduous","species_en":"Tamarind"},"geometry":{"type":"Point","coordinates":[77.6487889,12.3482584]}},{"type":"Feature","properties":{"kind":"tree","leaf_type":"broadleaved","leaf_cycle":"deciduous","species_en":"Tamarind"},"geometry":{"type":"Point","coordinates":[77.6487956,12.3482515]}},{"type":"Feature","properties":{"kind":"tree","leaf_type":"broadleaved","leaf_cycle":"deciduous","species_en":"Tamarind"},"geometry":{"type":"Point","coordinates":[77.6486642,12.3481402]}},{"type":"Feature","properties":{"kind":"tree","leaf_type":"broadleaved","leaf_cycle":"deciduous","species_en":"Tamarind"},"geometry":{"type":"Point","coordinates":[77.6486679,12.3481215]}},{"type":"Feature","properties":{"kind":"tree","leaf_type":"broadleaved","leaf_cycle":"deciduous","species_en":"Tamarind"},"geometry":{"type":"Point","coordinates":[77.6486592,12.3481123]}},{"type":"Feature","properties":{"kind":"tree","leaf_type":"broadleaved","leaf_cycle":"deciduous","species_en":"Tamarind"},"geometry":{"type":"Point","coordinates":[77.6486464,12.348114]}},{"type":"Feature","properties":{"kind":"tree","leaf_type":"broadleaved","leaf_cycle":"deciduous","species_en":"Tamarind"},"geometry":{"type":"Point","coordinates":[77.648571,12.3481277]}},{"type":"Feature","properties":{"kind":"tree","leaf_type":"broadleaved","leaf_cycle":"deciduous","species_en":"Tamarind"},"geometry":{"type":"Point","coordinates":[77.6485656,12.34813]}},{"type":"Feature","properties":{"kind":"tree","leaf_type":"broadleaved","leaf_cycle":"deciduous","species_en":"Tamarind"},"geometry":{"type":"Point","coordinates":[77.6485653,12.3481353]}},{"type":"Feature","properties":{"kind":"tree"},"geometry":{"type":"Point","coordinates":[77.6451512,12.3544861]}},{"type":"Feature","properties":{"kind":"tree"},"geometry":{"type":"Point","coordinates":[77.6454864,12.3549119]}},{"type":"Feature","properties":{"kind":"tree"},"geometry":{"type":"Point","coordinates":[77.6451968,12.3549152]}},{"type":"Feature","properties":{"kind":"tree"},"geometry":{"type":"Point","coordinates":[77.6452236,12.3550291]}},{"type":"Feature","properties":{"kind":"tree"},"geometry":{"type":"Point","coordinates":[77.6453027,12.3551163]}},{"type":"Feature","properties":{"kind":"tree"},"geometry":{"type":"Point","coordinates":[77.6452779,12.3552643]}},{"type":"Feature","properties":{"kind":"tree","leaf_type":"broadleaved","leaf_cycle":"evergreen","species_en":"Neem"},"geometry":{"type":"Point","coordinates":[77.6451431,12.3549243]}},{"type":"Feature","properties":{"kind":"tree"},"geometry":{"type":"Point","coordinates":[77.6477194,12.3535449]}},{"type":"Feature","properties":{"kind":"tree"},"geometry":{"type":"Point","coordinates":[77.6469972,12.3527739]}},{"type":"Feature","properties":{"kind":"tree"},"geometry":{"type":"Point","coordinates":[77.6469898,12.3527739]}},{"type":"Feature","properties":{"kind":"tree"},"geometry":{"type":"Point","coordinates":[77.6469073,12.3527975]}},{"type":"Feature","properties":{"kind":"tree"},"geometry":{"type":"Point","coordinates":[77.646847,12.3529684]}},{"type":"Feature","properties":{"kind":"tree","leaf_type":"broadleaved","leaf_cycle":"evergreen","species_en":"Neem"},"geometry":{"type":"Point","coordinates":[77.6465969,12.3526573]}},{"type":"Feature","properties":{"kind":"tree","leaf_type":"broadleaved","leaf_cycle":"evergreen","species_en":"Neem"},"geometry":{"type":"Point","coordinates":[77.6465868,12.3526573]}},{"type":"Feature","properties":{"kind":"tree","leaf_type":"broadleaved","leaf_cycle":"evergreen","species_en":"Neem"},"geometry":{"type":"Point","coordinates":[77.6466043,12.3528184]}},{"type":"Feature","properties":{"kind":"tree"},"geometry":{"type":"Point","coordinates":[77.6461671,12.3515005]}},{"type":"Feature","properties":{"kind":"tree","leaf_type":"broadleaved","leaf_cycle":"evergreen","species_en":"Neem"},"geometry":{"type":"Point","coordinates":[77.6461476,12.3513885]}},{"type":"Feature","properties":{"kind":"tree","leaf_type":"broadleaved","leaf_cycle":"evergreen","species_en":"Neem"},"geometry":{"type":"Point","coordinates":[77.6461456,12.3513485]}},{"type":"Feature","properties":{"kind":"tree"},"geometry":{"type":"Point","coordinates":[77.6461463,12.3511036]}},{"type":"Feature","properties":{"kind":"tree"},"geometry":{"type":"Point","coordinates":[77.6461583,12.3511887]}},{"type":"Feature","properties":{"kind":"tree","leaf_type":"broadleaved","leaf_cycle":"evergreen","species_en":"Neem"},"geometry":{"type":"Point","coordinates":[77.650755,12.3471183]}},{"type":"Feature","properties":{"kind":"tree","leaf_type":"broadleaved","leaf_cycle":"evergreen","species_en":"Neem"},"geometry":{"type":"Point","coordinates":[77.650871,12.3469984]}},{"type":"Feature","properties":{"kind":"tree","leaf_type":"broadleaved","leaf_cycle":"evergreen","species_en":"Neem"},"geometry":{"type":"Point","coordinates":[77.6457983,12.3511409]}},{"type":"Feature","properties":{"kind":"tree"},"geometry":{"type":"Point","coordinates":[77.6458217,12.3515123]}},{"type":"Feature","properties":{"kind":"tree"},"geometry":{"type":"Point","coordinates":[77.645809,12.3515156]}},{"type":"Feature","properties":{"kind":"tree"},"geometry":{"type":"Point","coordinates":[77.6456635,12.3515758]}},{"type":"Feature","properties":{"kind":"tree","leaf_type":"broadleaved","leaf_cycle":"evergreen","species_en":"Neem"},"geometry":{"type":"Point","coordinates":[77.6456293,12.3515752]}},{"type":"Feature","properties":{"kind":"tree","leaf_type":"broadleaved","leaf_cycle":"evergreen","species_en":"Neem"},"geometry":{"type":"Point","coordinates":[77.6456105,12.3515719]}},{"type":"Feature","properties":{"kind":"tree"},"geometry":{"type":"Point","coordinates":[77.6488218,12.3454728]}},{"type":"Feature","properties":{"kind":"tree","leaf_type":"broadleaved","leaf_cycle":"evergreen","species_en":"Neem"},"geometry":{"type":"Point","coordinates":[77.644771,12.352449]}},{"type":"Feature","properties":{"kind":"tree","leaf_type":"broadleaved","leaf_cycle":"evergreen","species_en":"Neem"},"geometry":{"type":"Point","coordinates":[77.6448253,12.3525695]}},{"type":"Feature","properties":{"kind":"tree","leaf_type":"broadleaved","leaf_cycle":"evergreen","species_en":"Neem"},"geometry":{"type":"Point","coordinates":[77.6448058,12.3526173]}},{"type":"Feature","properties":{"kind":"tree","leaf_type":"broadleaved","leaf_cycle":"evergreen","species_en":"Neem"},"geometry":{"type":"Point","coordinates":[77.6448159,12.3526462]}},{"type":"Feature","properties":{"kind":"tree","leaf_type":"broadleaved","leaf_cycle":"evergreen","species_en":"Neem"},"geometry":{"type":"Point","coordinates":[77.6448065,12.3526632]}},{"type":"Feature","properties":{"kind":"tree","leaf_type":"broadleaved","leaf_cycle":"evergreen","species_en":"Neem"},"geometry":{"type":"Point","coordinates":[77.6448119,12.3526809]}},{"type":"Feature","properties":{"kind":"tree","leaf_type":"broadleaved","leaf_cycle":"evergreen","species_en":"Neem"},"geometry":{"type":"Point","coordinates":[77.6453054,12.3529317]}},{"type":"Feature","properties":{"kind":"tree","leaf_type":"broadleaved","leaf_cycle":"evergreen","species_en":"Neem"},"geometry":{"type":"Point","coordinates":[77.6455341,12.3535553]}},{"type":"Feature","properties":{"kind":"tree","leaf_type":"broadleaved","leaf_cycle":"evergreen","species_en":"Neem"},"geometry":{"type":"Point","coordinates":[77.6455803,12.3532959]}},{"type":"Feature","properties":{"kind":"tree","leaf_type":"broadleaved","leaf_cycle":"evergreen","species_en":"Neem"},"geometry":{"type":"Point","coordinates":[77.6455763,12.3533333]}},{"type":"Feature","properties":{"kind":"tree"},"geometry":{"type":"Point","coordinates":[77.64968,12.3458717]}},{"type":"Feature","properties":{"kind":"tree"},"geometry":{"type":"Point","coordinates":[77.6482867,12.3502939]}},{"type":"Feature","properties":{"kind":"tree","leaf_type":"broadleaved","leaf_cycle":"evergreen","species_en":"Neem"},"geometry":{"type":"Point","coordinates":[77.6481479,12.3502271]}},{"type":"Feature","properties":{"kind":"tree","leaf_type":"broadleaved","leaf_cycle":"evergreen","species_en":"Neem"},"geometry":{"type":"Point","coordinates":[77.6481365,12.3502337]}},{"type":"Feature","properties":{"kind":"tree"},"geometry":{"type":"Point","coordinates":[77.6481438,12.3544822]}},{"type":"Feature","properties":{"kind":"tree"},"geometry":{"type":"Point","coordinates":[77.6479695,12.3545058]}},{"type":"Feature","properties":{"kind":"tree"},"geometry":{"type":"Point","coordinates":[77.6451458,12.3556645]}},{"type":"Feature","properties":{"kind":"tree"},"geometry":{"type":"Point","coordinates":[77.6451129,12.3554228]}},{"type":"Feature","properties":{"kind":"tree"},"geometry":{"type":"Point","coordinates":[77.6452578,12.3554254]}},{"type":"Feature","properties":{"kind":"tree"},"geometry":{"type":"Point","coordinates":[77.6451981,12.3555387]}},{"type":"Feature","properties":{"kind":"tree"},"geometry":{"type":"Point","coordinates":[77.6451847,12.3555866]}},{"type":"Feature","properties":{"kind":"tree"},"geometry":{"type":"Point","coordinates":[77.6452149,12.3556422]}},{"type":"Feature","properties":{"kind":"tree"},"geometry":{"type":"Point","coordinates":[77.6452564,12.3557353]}},{"type":"Feature","properties":{"kind":"tree"},"geometry":{"type":"Point","coordinates":[77.6479366,12.3543571]}},{"type":"Feature","properties":{"kind":"tree"},"geometry":{"type":"Point","coordinates":[77.6480547,12.354004]}},{"type":"Feature","properties":{"kind":"tree"},"geometry":{"type":"Point","coordinates":[77.6480687,12.3540833]}},{"type":"Feature","properties":{"kind":"tree"},"geometry":{"type":"Point","coordinates":[77.6480158,12.3542431]}},{"type":"Feature","properties":{"kind":"tree","leaf_type":"broadleaved","leaf_cycle":"deciduous","species_en":"Tamarind"},"geometry":{"type":"Point","coordinates":[77.6476637,12.3542451]}},{"type":"Feature","properties":{"kind":"tree","leaf_type":"broadleaved","leaf_cycle":"deciduous","species_en":"Tamarind"},"geometry":{"type":"Point","coordinates":[77.6476382,12.3542418]}},{"type":"Feature","properties":{"kind":"tree","leaf_type":"broadleaved","leaf_cycle":"deciduous","species_en":"Tamarind"},"geometry":{"type":"Point","coordinates":[77.6476188,12.3542942]}},{"type":"Feature","properties":{"kind":"tree"},"geometry":{"type":"Point","coordinates":[77.64759,12.3541953]}},{"type":"Feature","properties":{"kind":"tree"},"geometry":{"type":"Point","coordinates":[77.647944,12.3540807]}},{"type":"Feature","properties":{"kind":"tree"},"geometry":{"type":"Point","coordinates":[77.6475658,12.3540905]}},{"type":"Feature","properties":{"kind":"tree"},"geometry":{"type":"Point","coordinates":[77.6477006,12.354059]}},{"type":"Feature","properties":{"kind":"tree"},"geometry":{"type":"Point","coordinates":[77.6477563,12.3540735]}},{"type":"Feature","properties":{"kind":"tree"},"geometry":{"type":"Point","coordinates":[77.6477891,12.354061]}},{"type":"Feature","properties":{"kind":"tree"},"geometry":{"type":"Point","coordinates":[77.6477791,12.3540171]}},{"type":"Feature","properties":{"kind":"tree"},"geometry":{"type":"Point","coordinates":[77.6478173,12.3539346]}},{"type":"Feature","properties":{"kind":"tree"},"geometry":{"type":"Point","coordinates":[77.6476564,12.353913]}},{"type":"Feature","properties":{"kind":"tree"},"geometry":{"type":"Point","coordinates":[77.6474284,12.3537964]}},{"type":"Feature","properties":{"kind":"tree"},"geometry":{"type":"Point","coordinates":[77.647535,12.3538377]}},{"type":"Feature","properties":{"kind":"tree"},"geometry":{"type":"Point","coordinates":[77.6475725,12.3538147]}},{"type":"Feature","properties":{"kind":"tree"},"geometry":{"type":"Point","coordinates":[77.6475652,12.3537826]}},{"type":"Feature","properties":{"kind":"tree"},"geometry":{"type":"Point","coordinates":[77.647645,12.3537643]}},{"type":"Feature","properties":{"kind":"tree"},"geometry":{"type":"Point","coordinates":[77.6476242,12.3537649]}},{"type":"Feature","properties":{"kind":"tree","leaf_type":"broadleaved","leaf_cycle":"evergreen","species_en":"Neem"},"geometry":{"type":"Point","coordinates":[77.6480231,12.3538783]}},{"type":"Feature","properties":{"kind":"tree"},"geometry":{"type":"Point","coordinates":[77.6478837,12.3538167]}},{"type":"Feature","properties":{"kind":"tree"},"geometry":{"type":"Point","coordinates":[77.6478823,12.3538056]}},{"type":"Feature","properties":{"kind":"tree"},"geometry":{"type":"Point","coordinates":[77.648231,12.3536235]}},{"type":"Feature","properties":{"kind":"tree"},"geometry":{"type":"Point","coordinates":[77.6482109,12.3537663]}},{"type":"Feature","properties":{"kind":"tree"},"geometry":{"type":"Point","coordinates":[77.6481505,12.3537695]}},{"type":"Feature","properties":{"kind":"tree"},"geometry":{"type":"Point","coordinates":[77.6479333,12.3535278]}},{"type":"Feature","properties":{"kind":"tree"},"geometry":{"type":"Point","coordinates":[77.6479212,12.3536005]}},{"type":"Feature","properties":{"kind":"tree"},"geometry":{"type":"Point","coordinates":[77.6479293,12.3536398]}},{"type":"Feature","properties":{"kind":"tree"},"geometry":{"type":"Point","coordinates":[77.6479165,12.3536411]}},{"type":"Feature","properties":{"kind":"tree"},"geometry":{"type":"Point","coordinates":[77.6478957,12.3536398]}},{"type":"Feature","properties":{"kind":"tree"},"geometry":{"type":"Point","coordinates":[77.647885,12.3536523]}},{"type":"Feature","properties":{"kind":"tree"},"geometry":{"type":"Point","coordinates":[77.6479239,12.353687]}},{"type":"Feature","properties":{"kind":"tree"},"geometry":{"type":"Point","coordinates":[77.6477868,12.3536506]}},{"type":"Feature","properties":{"kind":"tree"},"geometry":{"type":"Point","coordinates":[77.647703,12.3536546]}},{"type":"Feature","properties":{"kind":"tree"},"geometry":{"type":"Point","coordinates":[77.647995,12.353782]}},{"type":"Feature","properties":{"kind":"tree","leaf_type":"broadleaved","leaf_cycle":"evergreen","species_en":"Neem"},"geometry":{"type":"Point","coordinates":[77.646501,12.3516826]}},{"type":"Feature","properties":{"kind":"tree","leaf_type":"broadleaved","leaf_cycle":"evergreen","species_en":"Neem"},"geometry":{"type":"Point","coordinates":[77.6465064,12.3516505]}},{"type":"Feature","properties":{"kind":"tree","leaf_type":"broadleaved","leaf_cycle":"evergreen","species_en":"Neem"},"geometry":{"type":"Point","coordinates":[77.6466277,12.3516328]}},{"type":"Feature","properties":{"kind":"tree","leaf_type":"broadleaved","leaf_cycle":"evergreen","species_en":"Neem"},"geometry":{"type":"Point","coordinates":[77.6466163,12.3516322]}},{"type":"Feature","properties":{"kind":"tree","leaf_type":"broadleaved","leaf_cycle":"evergreen","species_en":"Neem"},"geometry":{"type":"Point","coordinates":[77.6468416,12.351923]}},{"type":"Feature","properties":{"kind":"tree"},"geometry":{"type":"Point","coordinates":[77.6465097,12.3516721]}},{"type":"Feature","properties":{"kind":"tree"},"geometry":{"type":"Point","coordinates":[77.6467189,12.3520121]}},{"type":"Feature","properties":{"kind":"tree"},"geometry":{"type":"Point","coordinates":[77.6466157,12.3519571]}},{"type":"Feature","properties":{"kind":"tree","leaf_type":"broadleaved","leaf_cycle":"evergreen","species_en":"Neem"},"geometry":{"type":"Point","coordinates":[77.6464789,12.3517953]}},{"type":"Feature","properties":{"kind":"tree","leaf_type":"broadleaved","leaf_cycle":"evergreen","species_en":"Neem"},"geometry":{"type":"Point","coordinates":[77.6464581,12.351885]}},{"type":"Feature","properties":{"kind":"tree"},"geometry":{"type":"Point","coordinates":[77.6482679,12.3487579]}},{"type":"Feature","properties":{"kind":"tree","leaf_type":"broadleaved","leaf_cycle":"deciduous","species_en":"Tamarind"},"geometry":{"type":"Point","coordinates":[77.6443405,12.3479424]}},{"type":"Feature","properties":{"kind":"tree","leaf_type":"broadleaved","leaf_cycle":"deciduous","species_en":"Tamarind"},"geometry":{"type":"Point","coordinates":[77.6439609,12.3482103]}},{"type":"Feature","properties":{"kind":"tree","leaf_type":"broadleaved","leaf_cycle":"evergreen","species_en":"Mango"},"geometry":{"type":"Point","coordinates":[77.643912,12.3484834]}},{"type":"Feature","properties":{"kind":"tree","leaf_type":"broadleaved","leaf_cycle":"deciduous","species_en":"Tamarind"},"geometry":{"type":"Point","coordinates":[77.6446563,12.3468956]}},{"type":"Feature","properties":{"kind":"tree","leaf_type":"broadleaved","leaf_cycle":"deciduous","species_en":"Tamarind"},"geometry":{"type":"Point","coordinates":[77.6448789,12.3464574]}},{"type":"Feature","properties":{"kind":"tree","leaf_type":"broadleaved","leaf_cycle":"deciduous","species_en":"Tamarind"},"geometry":{"type":"Point","coordinates":[77.6450271,12.3464521]}},{"type":"Feature","properties":{"kind":"tree","leaf_type":"broadleaved","leaf_cycle":"deciduous","species_en":"Tamarind"},"geometry":{"type":"Point","coordinates":[77.6448622,12.3462517]}},{"type":"Feature","properties":{"kind":"tree","leaf_type":"broadleaved","leaf_cycle":"deciduous","species_en":"Tamarind"},"geometry":{"type":"Point","coordinates":[77.6449352,12.346365]}},{"type":"Feature","properties":{"kind":"tree","leaf_type":"broadleaved","leaf_cycle":"deciduous","species_en":"Tamarind"},"geometry":{"type":"Point","coordinates":[77.6481486,12.344599]}},{"type":"Feature","properties":{"kind":"tree"},"geometry":{"type":"Point","coordinates":[77.6483907,12.3447481]}},{"type":"Feature","properties":{"kind":"tree"},"geometry":{"type":"Point","coordinates":[77.6503051,12.3448594]}},{"type":"Feature","properties":{"kind":"tree"},"geometry":{"type":"Point","coordinates":[77.6483248,12.344907]}},{"type":"Feature","properties":{"kind":"tree"},"geometry":{"type":"Point","coordinates":[77.6506853,12.3449584]}},{"type":"Feature","properties":{"kind":"tree"},"geometry":{"type":"Point","coordinates":[77.6478568,12.3451352]}},{"type":"Feature","properties":{"kind":"tree"},"geometry":{"type":"Point","coordinates":[77.6482318,12.3455386]}},{"type":"Feature","properties":{"kind":"tree"},"geometry":{"type":"Point","coordinates":[77.6501265,12.3456394]}},{"type":"Feature","properties":{"kind":"tree"},"geometry":{"type":"Point","coordinates":[77.6501245,12.3459073]}},{"type":"Feature","properties":{"kind":"tree"},"geometry":{"type":"Point","coordinates":[77.650017,12.3457923]}},{"type":"Feature","properties":{"kind":"tree"},"geometry":{"type":"Point","coordinates":[77.6492619,12.3458646]}},{"type":"Feature","properties":{"kind":"tree"},"geometry":{"type":"Point","coordinates":[77.6495356,12.3458682]}},{"type":"Feature","properties":{"kind":"tree"},"geometry":{"type":"Point","coordinates":[77.6491604,12.3458741]}},{"type":"Feature","properties":{"kind":"tree"},"geometry":{"type":"Point","coordinates":[77.6502185,12.3460297]}},{"type":"Feature","properties":{"kind":"tree"},"geometry":{"type":"Point","coordinates":[77.6502435,12.3461218]}},{"type":"Feature","properties":{"kind":"tree"},"geometry":{"type":"Point","coordinates":[77.6499116,12.3462289]}},{"type":"Feature","properties":{"kind":"tree"},"geometry":{"type":"Point","coordinates":[77.6498086,12.3462816]}},{"type":"Feature","properties":{"kind":"tree"},"geometry":{"type":"Point","coordinates":[77.6493627,12.3463245]}},{"type":"Feature","properties":{"kind":"tree"},"geometry":{"type":"Point","coordinates":[77.649874,12.3463351]}},{"type":"Feature","properties":{"kind":"tree"},"geometry":{"type":"Point","coordinates":[77.6498433,12.3463793]}},{"type":"Feature","properties":{"kind":"tree"},"geometry":{"type":"Point","coordinates":[77.6508279,12.3463915]}},{"type":"Feature","properties":{"kind":"tree"},"geometry":{"type":"Point","coordinates":[77.6505445,12.3464206]}},{"type":"Feature","properties":{"kind":"tree"},"geometry":{"type":"Point","coordinates":[77.6495688,12.346446]}},{"type":"Feature","properties":{"kind":"tree"},"geometry":{"type":"Point","coordinates":[77.645043,12.347861]}},{"type":"Feature","properties":{"kind":"tree"},"geometry":{"type":"Point","coordinates":[77.6451157,12.3479227]}},{"type":"Feature","properties":{"kind":"tree"},"geometry":{"type":"Point","coordinates":[77.6445252,12.3479238]}},{"type":"Feature","properties":{"kind":"tree"},"geometry":{"type":"Point","coordinates":[77.6443048,12.3481097]}},{"type":"Feature","properties":{"kind":"tree"},"geometry":{"type":"Point","coordinates":[77.6477867,12.3481755]}},{"type":"Feature","properties":{"kind":"tree"},"geometry":{"type":"Point","coordinates":[77.6467563,12.3483071]}},{"type":"Feature","properties":{"kind":"tree"},"geometry":{"type":"Point","coordinates":[77.6477327,12.3484753]}},{"type":"Feature","properties":{"kind":"tree"},"geometry":{"type":"Point","coordinates":[77.6482844,12.3487669]}},{"type":"Feature","properties":{"kind":"tree"},"geometry":{"type":"Point","coordinates":[77.6485814,12.3487833]}},{"type":"Feature","properties":{"kind":"tree"},"geometry":{"type":"Point","coordinates":[77.6474347,12.3488075]}},{"type":"Feature","properties":{"kind":"tree"},"geometry":{"type":"Point","coordinates":[77.6465044,12.3488874]}},{"type":"Feature","properties":{"kind":"tree"},"geometry":{"type":"Point","coordinates":[77.6461918,12.3489194]}},{"type":"Feature","properties":{"kind":"tree"},"geometry":{"type":"Point","coordinates":[77.6470516,12.3489237]}},{"type":"Feature","properties":{"kind":"tree"},"geometry":{"type":"Point","coordinates":[77.6477322,12.3489635]}},{"type":"Feature","properties":{"kind":"tree"},"geometry":{"type":"Point","coordinates":[77.6472628,12.3489805]}},{"type":"Feature","properties":{"kind":"tree"},"geometry":{"type":"Point","coordinates":[77.6461199,12.3490276]}},{"type":"Feature","properties":{"kind":"tree"},"geometry":{"type":"Point","coordinates":[77.6447587,12.3490406]}},{"type":"Feature","properties":{"kind":"tree"},"geometry":{"type":"Point","coordinates":[77.6461055,12.3491476]}},{"type":"Feature","properties":{"kind":"tree"},"geometry":{"type":"Point","coordinates":[77.6468507,12.3492724]}},{"type":"Feature","properties":{"kind":"tree"},"geometry":{"type":"Point","coordinates":[77.6480486,12.3494346]}},{"type":"Feature","properties":{"kind":"tree"},"geometry":{"type":"Point","coordinates":[77.6447802,12.3495437]}},{"type":"Feature","properties":{"kind":"tree"},"geometry":{"type":"Point","coordinates":[77.646792,12.3496291]}},{"type":"Feature","properties":{"kind":"tree"},"geometry":{"type":"Point","coordinates":[77.6466629,12.3497634]}},{"type":"Feature","properties":{"kind":"tree"},"geometry":{"type":"Point","coordinates":[77.6484138,12.3499007]}},{"type":"Feature","properties":{"kind":"tree"},"geometry":{"type":"Point","coordinates":[77.6488191,12.3499371]}},{"type":"Feature","properties":{"kind":"tree"},"geometry":{"type":"Point","coordinates":[77.6484182,12.3500744]}},{"type":"Feature","properties":{"kind":"tree"},"geometry":{"type":"Point","coordinates":[77.6486881,12.3501037]}},{"type":"Feature","properties":{"kind":"tree"},"geometry":{"type":"Point","coordinates":[77.6486501,12.3501405]}},{"type":"Feature","properties":{"kind":"tree"},"geometry":{"type":"Point","coordinates":[77.6476678,12.3502215]}},{"type":"Feature","properties":{"kind":"tree"},"geometry":{"type":"Point","coordinates":[77.6467484,12.3502977]}},{"type":"Feature","properties":{"kind":"tree"},"geometry":{"type":"Point","coordinates":[77.6445195,12.3505029]}},{"type":"Feature","properties":{"kind":"tree"},"geometry":{"type":"Point","coordinates":[77.6478795,12.3506113]}},{"type":"Feature","properties":{"kind":"tree"},"geometry":{"type":"Point","coordinates":[77.6455646,12.3510797]}},{"type":"Feature","properties":{"kind":"tree"},"geometry":{"type":"Point","coordinates":[77.6473079,12.3511574]}},{"type":"Feature","properties":{"kind":"tree"},"geometry":{"type":"Point","coordinates":[77.6482692,12.3511647]}},{"type":"Feature","properties":{"kind":"tree","leaf_type":"broadleaved","leaf_cycle":"evergreen","species_en":"Neem"},"geometry":{"type":"Point","coordinates":[77.6461453,12.3512394]}},{"type":"Feature","properties":{"kind":"tree"},"geometry":{"type":"Point","coordinates":[77.6472019,12.3512721]}},{"type":"Feature","properties":{"kind":"tree"},"geometry":{"type":"Point","coordinates":[77.6466221,12.3513065]}},{"type":"Feature","properties":{"kind":"tree"},"geometry":{"type":"Point","coordinates":[77.6479199,12.3513165]}},{"type":"Feature","properties":{"kind":"tree"},"geometry":{"type":"Point","coordinates":[77.6453033,12.3513608]}},{"type":"Feature","properties":{"kind":"tree"},"geometry":{"type":"Point","coordinates":[77.6472506,12.3513872]}},{"type":"Feature","properties":{"kind":"tree"},"geometry":{"type":"Point","coordinates":[77.645501,12.3514007]}},{"type":"Feature","properties":{"kind":"tree"},"geometry":{"type":"Point","coordinates":[77.6455281,12.3514728]}},{"type":"Feature","properties":{"kind":"tree"},"geometry":{"type":"Point","coordinates":[77.6454769,12.3514933]}},{"type":"Feature","properties":{"kind":"tree"},"geometry":{"type":"Point","coordinates":[77.6478815,12.3516318]}},{"type":"Feature","properties":{"kind":"tree"},"geometry":{"type":"Point","coordinates":[77.6480428,12.3517921]}},{"type":"Feature","properties":{"kind":"tree"},"geometry":{"type":"Point","coordinates":[77.6445288,12.3518249]}},{"type":"Feature","properties":{"kind":"tree"},"geometry":{"type":"Point","coordinates":[77.6467439,12.3518835]}},{"type":"Feature","properties":{"kind":"tree"},"geometry":{"type":"Point","coordinates":[77.6441183,12.352203]}},{"type":"Feature","properties":{"kind":"tree"},"geometry":{"type":"Point","coordinates":[77.6473162,12.3521603]}},{"type":"Feature","properties":{"kind":"tree"},"geometry":{"type":"Point","coordinates":[77.648498,12.352182]}},{"type":"Feature","properties":{"kind":"tree"},"geometry":{"type":"Point","coordinates":[77.6472808,12.3523177]}},{"type":"Feature","properties":{"kind":"tree"},"geometry":{"type":"Point","coordinates":[77.6484726,12.3523318]}},{"type":"Feature","properties":{"kind":"tree"},"geometry":{"type":"Point","coordinates":[77.6484321,12.3524333]}},{"type":"Feature","properties":{"kind":"tree"},"geometry":{"type":"Point","coordinates":[77.648331,12.3525418]}},{"type":"Feature","properties":{"kind":"tree"},"geometry":{"type":"Point","coordinates":[77.6479213,12.3525657]}},{"type":"Feature","properties":{"kind":"tree"},"geometry":{"type":"Point","coordinates":[77.6469506,12.3526124]}},{"type":"Feature","properties":{"kind":"tree"},"geometry":{"type":"Point","coordinates":[77.6456427,12.3526569]}},{"type":"Feature","properties":{"kind":"tree"},"geometry":{"type":"Point","coordinates":[77.6485127,12.3526695]}},{"type":"Feature","properties":{"kind":"tree"},"geometry":{"type":"Point","coordinates":[77.648349,12.3526854]}},{"type":"Feature","properties":{"kind":"tree"},"geometry":{"type":"Point","coordinates":[77.6478504,12.3527767]}},{"type":"Feature","properties":{"kind":"tree"},"geometry":{"type":"Point","coordinates":[77.6451444,12.3528414]}},{"type":"Feature","properties":{"kind":"tree"},"geometry":{"type":"Point","coordinates":[77.6470728,12.3529036]}},{"type":"Feature","properties":{"kind":"tree"},"geometry":{"type":"Point","coordinates":[77.6474281,12.352924]}},{"type":"Feature","properties":{"kind":"tree"},"geometry":{"type":"Point","coordinates":[77.649182,12.353129]}},{"type":"Feature","properties":{"kind":"tree"},"geometry":{"type":"Point","coordinates":[77.6452106,12.3531292]}},{"type":"Feature","properties":{"kind":"tree"},"geometry":{"type":"Point","coordinates":[77.6487694,12.3532009]}},{"type":"Feature","properties":{"kind":"tree"},"geometry":{"type":"Point","coordinates":[77.6474617,12.3532491]}},{"type":"Feature","properties":{"kind":"tree"},"geometry":{"type":"Point","coordinates":[77.64883,12.3533056]}},{"type":"Feature","properties":{"kind":"tree"},"geometry":{"type":"Point","coordinates":[77.645042,12.3533824]}},{"type":"Feature","properties":{"kind":"tree"},"geometry":{"type":"Point","coordinates":[77.6450903,12.3534831]}},{"type":"Feature","properties":{"kind":"tree"},"geometry":{"type":"Point","coordinates":[77.6474565,12.3534887]}},{"type":"Feature","properties":{"kind":"tree"},"geometry":{"type":"Point","coordinates":[77.6472463,12.353535]}},{"type":"Feature","properties":{"kind":"tree"},"geometry":{"type":"Point","coordinates":[77.6464951,12.3535457]}},{"type":"Feature","properties":{"kind":"tree"},"geometry":{"type":"Point","coordinates":[77.6478823,12.3535821]}},{"type":"Feature","properties":{"kind":"tree"},"geometry":{"type":"Point","coordinates":[77.6465107,12.3535942]}},{"type":"Feature","properties":{"kind":"tree"},"geometry":{"type":"Point","coordinates":[77.6491775,12.3536195]}},{"type":"Feature","properties":{"kind":"tree"},"geometry":{"type":"Point","coordinates":[77.6477795,12.3536403]}},{"type":"Feature","properties":{"kind":"tree"},"geometry":{"type":"Point","coordinates":[77.6480834,12.3536595]}},{"type":"Feature","properties":{"kind":"tree"},"geometry":{"type":"Point","coordinates":[77.6480398,12.3536791]}},{"type":"Feature","properties":{"kind":"tree"},"geometry":{"type":"Point","coordinates":[77.6473563,12.3536851]}},{"type":"Feature","properties":{"kind":"tree"},"geometry":{"type":"Point","coordinates":[77.6479164,12.3537271]}},{"type":"Feature","properties":{"kind":"tree"},"geometry":{"type":"Point","coordinates":[77.6483202,12.3537672]}},{"type":"Feature","properties":{"kind":"tree"},"geometry":{"type":"Point","coordinates":[77.6474618,12.3537555]}},{"type":"Feature","properties":{"kind":"tree"},"geometry":{"type":"Point","coordinates":[77.6480962,12.3537956]}},{"type":"Feature","properties":{"kind":"tree"},"geometry":{"type":"Point","coordinates":[77.6479821,12.3537831]}},{"type":"Feature","properties":{"kind":"tree"},"geometry":{"type":"Point","coordinates":[77.6476383,12.353823]}},{"type":"Feature","properties":{"kind":"tree"},"geometry":{"type":"Point","coordinates":[77.647026,12.3538247]}},{"type":"Feature","properties":{"kind":"tree"},"geometry":{"type":"Point","coordinates":[77.6480046,12.3538354]}},{"type":"Feature","properties":{"kind":"tree"},"geometry":{"type":"Point","coordinates":[77.6477801,12.3538376]}},{"type":"Feature","properties":{"kind":"tree"},"geometry":{"type":"Point","coordinates":[77.6475111,12.3538723]}},{"type":"Feature","properties":{"kind":"tree"},"geometry":{"type":"Point","coordinates":[77.6470445,12.3538988]}},{"type":"Feature","properties":{"kind":"tree"},"geometry":{"type":"Point","coordinates":[77.6478777,12.3539123]}},{"type":"Feature","properties":{"kind":"tree"},"geometry":{"type":"Point","coordinates":[77.6475373,12.3539284]}},{"type":"Feature","properties":{"kind":"tree"},"geometry":{"type":"Point","coordinates":[77.6479984,12.3539277]}},{"type":"Feature","properties":{"kind":"tree"},"geometry":{"type":"Point","coordinates":[77.6476105,12.3539324]}},{"type":"Feature","properties":{"kind":"tree"},"geometry":{"type":"Point","coordinates":[77.6477072,12.3540915]}},{"type":"Feature","properties":{"kind":"tree"},"geometry":{"type":"Point","coordinates":[77.6453216,12.3541684]}},{"type":"Feature","properties":{"kind":"tree"},"geometry":{"type":"Point","coordinates":[77.6481307,12.3542206]}},{"type":"Feature","properties":{"kind":"tree"},"geometry":{"type":"Point","coordinates":[77.6478134,12.3542217]}},{"type":"Feature","properties":{"kind":"tree"},"geometry":{"type":"Point","coordinates":[77.6480442,12.3542518]}},{"type":"Feature","properties":{"kind":"tree"},"geometry":{"type":"Point","coordinates":[77.6481214,12.354283]}},{"type":"Feature","properties":{"kind":"tree"},"geometry":{"type":"Point","coordinates":[77.6479,12.3543421]}},{"type":"Feature","properties":{"kind":"tree"},"geometry":{"type":"Point","coordinates":[77.64508,12.354355]}},{"type":"Feature","properties":{"kind":"tree"},"geometry":{"type":"Point","coordinates":[77.6450924,12.354414]}},{"type":"Feature","properties":{"kind":"tree"},"geometry":{"type":"Point","coordinates":[77.6480898,12.3544978]}},{"type":"Feature","properties":{"kind":"tree"},"geometry":{"type":"Point","coordinates":[77.6450657,12.3545084]}},{"type":"Feature","properties":{"kind":"tree"},"geometry":{"type":"Point","coordinates":[77.6452033,12.354623]}},{"type":"Feature","properties":{"kind":"tree"},"geometry":{"type":"Point","coordinates":[77.6451319,12.3546862]}},{"type":"Feature","properties":{"kind":"tree"},"geometry":{"type":"Point","coordinates":[77.6480037,12.3547132]}},{"type":"Feature","properties":{"kind":"tree"},"geometry":{"type":"Point","coordinates":[77.6453493,12.3548339]}},{"type":"Feature","properties":{"kind":"tree"},"geometry":{"type":"Point","coordinates":[77.6453941,12.354955]}},{"type":"Feature","properties":{"kind":"tree"},"geometry":{"type":"Point","coordinates":[77.6454218,12.3550652]}},{"type":"Feature","properties":{"kind":"tree"},"geometry":{"type":"Point","coordinates":[77.6453238,12.3552165]}},{"type":"Feature","properties":{"kind":"tree"},"geometry":{"type":"Point","coordinates":[77.6452244,12.3552226]}},{"type":"Feature","properties":{"kind":"tree"},"geometry":{"type":"Point","coordinates":[77.6452724,12.3552342]}},{"type":"Feature","properties":{"kind":"tree"},"geometry":{"type":"Point","coordinates":[77.6452912,12.3553611]}},{"type":"Feature","properties":{"kind":"tree"},"geometry":{"type":"Point","coordinates":[77.6452917,12.3554159]}},{"type":"Feature","properties":{"kind":"tree"},"geometry":{"type":"Point","coordinates":[77.6452197,12.3554554]}},{"type":"Feature","properties":{"kind":"tree"},"geometry":{"type":"Point","coordinates":[77.6451787,12.3554906]}},{"type":"Feature","properties":{"kind":"tree"},"geometry":{"type":"Point","coordinates":[77.6451594,12.3556588]}},{"type":"Feature","properties":{"kind":"tree"},"geometry":{"type":"Point","coordinates":[77.6452145,12.355718]}},{"type":"Feature","properties":{"kind":"tree"},"geometry":{"type":"Point","coordinates":[77.6452181,12.3558333]}},{"type":"Feature","properties":{"kind":"tree"},"geometry":{"type":"Point","coordinates":[77.6451884,12.355951]}},{"type":"Feature","properties":{"kind":"tree"},"geometry":{"type":"Point","coordinates":[77.6450958,12.3560645]}},{"type":"Feature","properties":{"kind":"tree","leaf_type":"broadleaved","leaf_cycle":"evergreen","species_en":"Neem"},"geometry":{"type":"Point","coordinates":[77.6484678,12.3447598]}},{"type":"Feature","properties":{"kind":"tree","leaf_type":"broadleaved","leaf_cycle":"evergreen","species_en":"Neem"},"geometry":{"type":"Point","coordinates":[77.6486239,12.3447804]}},{"type":"Feature","properties":{"kind":"tree","leaf_type":"broadleaved","leaf_cycle":"evergreen","species_en":"Neem"},"geometry":{"type":"Point","coordinates":[77.6481538,12.3453156]}},{"type":"Feature","properties":{"kind":"tree","leaf_type":"broadleaved","leaf_cycle":"evergreen","species_en":"Neem"},"geometry":{"type":"Point","coordinates":[77.6488121,12.3454327]}},{"type":"Feature","properties":{"kind":"tree","leaf_type":"broadleaved","leaf_cycle":"evergreen","species_en":"Neem"},"geometry":{"type":"Point","coordinates":[77.6478353,12.3454803]}},{"type":"Feature","properties":{"kind":"tree","leaf_type":"broadleaved","leaf_cycle":"evergreen","species_en":"Neem"},"geometry":{"type":"Point","coordinates":[77.649501,12.3457463]}},{"type":"Feature","properties":{"kind":"tree","leaf_type":"broadleaved","leaf_cycle":"evergreen","species_en":"Neem"},"geometry":{"type":"Point","coordinates":[77.6493478,12.3458192]}},{"type":"Feature","properties":{"kind":"tree","leaf_type":"broadleaved","leaf_cycle":"evergreen","species_en":"Neem"},"geometry":{"type":"Point","coordinates":[77.6502851,12.346251]}},{"type":"Feature","properties":{"kind":"tree","leaf_type":"broadleaved","leaf_cycle":"evergreen","species_en":"Neem"},"geometry":{"type":"Point","coordinates":[77.6459212,12.3464691]}},{"type":"Feature","properties":{"kind":"tree","leaf_type":"broadleaved","leaf_cycle":"evergreen","species_en":"Neem"},"geometry":{"type":"Point","coordinates":[77.6457166,12.3466549]}},{"type":"Feature","properties":{"kind":"tree","leaf_type":"broadleaved","leaf_cycle":"evergreen","species_en":"Neem"},"geometry":{"type":"Point","coordinates":[77.6484683,12.346672]}},{"type":"Feature","properties":{"kind":"tree","leaf_type":"broadleaved","leaf_cycle":"evergreen","species_en":"Neem"},"geometry":{"type":"Point","coordinates":[77.6491619,12.3468228]}},{"type":"Feature","properties":{"kind":"tree","leaf_type":"broadleaved","leaf_cycle":"evergreen","species_en":"Neem"},"geometry":{"type":"Point","coordinates":[77.6492054,12.3469217]}},{"type":"Feature","properties":{"kind":"tree","leaf_type":"broadleaved","leaf_cycle":"evergreen","species_en":"Neem"},"geometry":{"type":"Point","coordinates":[77.65086,12.3470364]}},{"type":"Feature","properties":{"kind":"tree","leaf_type":"broadleaved","leaf_cycle":"evergreen","species_en":"Neem"},"geometry":{"type":"Point","coordinates":[77.6449469,12.3474579]}},{"type":"Feature","properties":{"kind":"tree","leaf_type":"broadleaved","leaf_cycle":"evergreen","species_en":"Neem"},"geometry":{"type":"Point","coordinates":[77.6451081,12.3475124]}},{"type":"Feature","properties":{"kind":"tree","leaf_type":"broadleaved","leaf_cycle":"evergreen","species_en":"Neem"},"geometry":{"type":"Point","coordinates":[77.6485068,12.3476617]}},{"type":"Feature","properties":{"kind":"tree","leaf_type":"broadleaved","leaf_cycle":"evergreen","species_en":"Neem"},"geometry":{"type":"Point","coordinates":[77.6486614,12.3477126]}},{"type":"Feature","properties":{"kind":"tree","leaf_type":"broadleaved","leaf_cycle":"evergreen","species_en":"Neem"},"geometry":{"type":"Point","coordinates":[77.6484686,12.347776]}},{"type":"Feature","properties":{"kind":"tree","leaf_type":"broadleaved","leaf_cycle":"evergreen","species_en":"Neem"},"geometry":{"type":"Point","coordinates":[77.6486547,12.3479752]}},{"type":"Feature","properties":{"kind":"tree","leaf_type":"broadleaved","leaf_cycle":"evergreen","species_en":"Neem"},"geometry":{"type":"Point","coordinates":[77.6451717,12.3480957]}},{"type":"Feature","properties":{"kind":"tree","leaf_type":"broadleaved","leaf_cycle":"evergreen","species_en":"Neem"},"geometry":{"type":"Point","coordinates":[77.6478795,12.3481637]}},{"type":"Feature","properties":{"kind":"tree","leaf_type":"broadleaved","leaf_cycle":"evergreen","species_en":"Neem"},"geometry":{"type":"Point","coordinates":[77.6439554,12.3482456]}},{"type":"Feature","properties":{"kind":"tree","leaf_type":"broadleaved","leaf_cycle":"evergreen","species_en":"Neem"},"geometry":{"type":"Point","coordinates":[77.6476203,12.3483011]}},{"type":"Feature","properties":{"kind":"tree","leaf_type":"broadleaved","leaf_cycle":"evergreen","species_en":"Neem"},"geometry":{"type":"Point","coordinates":[77.6439391,12.3483495]}},{"type":"Feature","properties":{"kind":"tree","leaf_type":"broadleaved","leaf_cycle":"evergreen","species_en":"Neem"},"geometry":{"type":"Point","coordinates":[77.6483362,12.3483478]}},{"type":"Feature","properties":{"kind":"tree","leaf_type":"broadleaved","leaf_cycle":"evergreen","species_en":"Neem"},"geometry":{"type":"Point","coordinates":[77.6479102,12.3483898]}},{"type":"Feature","properties":{"kind":"tree","leaf_type":"broadleaved","leaf_cycle":"evergreen","species_en":"Neem"},"geometry":{"type":"Point","coordinates":[77.6483754,12.3487497]}},{"type":"Feature","properties":{"kind":"tree","leaf_type":"broadleaved","leaf_cycle":"evergreen","species_en":"Neem"},"geometry":{"type":"Point","coordinates":[77.6470991,12.3487816]}},{"type":"Feature","properties":{"kind":"tree","leaf_type":"broadleaved","leaf_cycle":"evergreen","species_en":"Neem"},"geometry":{"type":"Point","coordinates":[77.6481057,12.3488201]}},{"type":"Feature","properties":{"kind":"tree","leaf_type":"broadleaved","leaf_cycle":"evergreen","species_en":"Neem"},"geometry":{"type":"Point","coordinates":[77.6484657,12.3488614]}},{"type":"Feature","properties":{"kind":"tree","leaf_type":"broadleaved","leaf_cycle":"evergreen","species_en":"Neem"},"geometry":{"type":"Point","coordinates":[77.648347,12.3488877]}},{"type":"Feature","properties":{"kind":"tree","leaf_type":"broadleaved","leaf_cycle":"evergreen","species_en":"Neem"},"geometry":{"type":"Point","coordinates":[77.648326,12.3489857]}},{"type":"Feature","properties":{"kind":"tree","leaf_type":"broadleaved","leaf_cycle":"evergreen","species_en":"Neem"},"geometry":{"type":"Point","coordinates":[77.6492407,12.3490689]}},{"type":"Feature","properties":{"kind":"tree","leaf_type":"broadleaved","leaf_cycle":"evergreen","species_en":"Neem"},"geometry":{"type":"Point","coordinates":[77.6485694,12.3491341]}},{"type":"Feature","properties":{"kind":"tree","leaf_type":"broadleaved","leaf_cycle":"evergreen","species_en":"Neem"},"geometry":{"type":"Point","coordinates":[77.6475148,12.3491439]}},{"type":"Feature","properties":{"kind":"tree","leaf_type":"broadleaved","leaf_cycle":"evergreen","species_en":"Neem"},"geometry":{"type":"Point","coordinates":[77.6448071,12.3492845]}},{"type":"Feature","properties":{"kind":"tree"},"geometry":{"type":"Point","coordinates":[77.6447489,12.3492798]}},{"type":"Feature","properties":{"kind":"tree","leaf_type":"broadleaved","leaf_cycle":"evergreen","species_en":"Neem"},"geometry":{"type":"Point","coordinates":[77.6469955,12.3493858]}},{"type":"Feature","properties":{"kind":"tree","leaf_type":"broadleaved","leaf_cycle":"evergreen","species_en":"Neem"},"geometry":{"type":"Point","coordinates":[77.6444338,12.3494091]}},{"type":"Feature","properties":{"kind":"tree","leaf_type":"broadleaved","leaf_cycle":"evergreen","species_en":"Neem"},"geometry":{"type":"Point","coordinates":[77.6476392,12.3494801]}},{"type":"Feature","properties":{"kind":"tree","leaf_type":"broadleaved","leaf_cycle":"evergreen","species_en":"Neem"},"geometry":{"type":"Point","coordinates":[77.648689,12.3498652]}},{"type":"Feature","properties":{"kind":"tree","leaf_type":"broadleaved","leaf_cycle":"evergreen","species_en":"Neem"},"geometry":{"type":"Point","coordinates":[77.6485194,12.3500992]}},{"type":"Feature","properties":{"kind":"tree","leaf_type":"broadleaved","leaf_cycle":"evergreen","species_en":"Neem"},"geometry":{"type":"Point","coordinates":[77.6451758,12.350118]}},{"type":"Feature","properties":{"kind":"tree","leaf_type":"broadleaved","leaf_cycle":"evergreen","species_en":"Neem"},"geometry":{"type":"Point","coordinates":[77.6447439,12.3501483]}},{"type":"Feature","properties":{"kind":"tree","leaf_type":"broadleaved","leaf_cycle":"evergreen","species_en":"Neem"},"geometry":{"type":"Point","coordinates":[77.6454656,12.3501837]}},{"type":"Feature","properties":{"kind":"tree","leaf_type":"broadleaved","leaf_cycle":"evergreen","species_en":"Neem"},"geometry":{"type":"Point","coordinates":[77.647907,12.3502045]}},{"type":"Feature","properties":{"kind":"tree","leaf_type":"broadleaved","leaf_cycle":"evergreen","species_en":"Neem"},"geometry":{"type":"Point","coordinates":[77.6484166,12.3502054]}},{"type":"Feature","properties":{"kind":"tree","leaf_type":"broadleaved","leaf_cycle":"evergreen","species_en":"Neem"},"geometry":{"type":"Point","coordinates":[77.6455728,12.3502586]}},{"type":"Feature","properties":{"kind":"tree","leaf_type":"broadleaved","leaf_cycle":"evergreen","species_en":"Neem"},"geometry":{"type":"Point","coordinates":[77.6480289,12.3502811]}},{"type":"Feature","properties":{"kind":"tree","leaf_type":"broadleaved","leaf_cycle":"evergreen","species_en":"Neem"},"geometry":{"type":"Point","coordinates":[77.6478052,12.3502925]}},{"type":"Feature","properties":{"kind":"tree","leaf_type":"broadleaved","leaf_cycle":"evergreen","species_en":"Neem"},"geometry":{"type":"Point","coordinates":[77.647922,12.350302]}},{"type":"Feature","properties":{"kind":"tree","leaf_type":"broadleaved","leaf_cycle":"evergreen","species_en":"Neem"},"geometry":{"type":"Point","coordinates":[77.6483058,12.350418]}},{"type":"Feature","properties":{"kind":"tree","leaf_type":"broadleaved","leaf_cycle":"evergreen","species_en":"Neem"},"geometry":{"type":"Point","coordinates":[77.6477003,12.3503762]}},{"type":"Feature","properties":{"kind":"tree","leaf_type":"broadleaved","leaf_cycle":"evergreen","species_en":"Neem"},"geometry":{"type":"Point","coordinates":[77.647931,12.3503961]}},{"type":"Feature","properties":{"kind":"tree","leaf_type":"broadleaved","leaf_cycle":"evergreen","species_en":"Neem"},"geometry":{"type":"Point","coordinates":[77.6482979,12.350364]}},{"type":"Feature","properties":{"kind":"tree","leaf_type":"broadleaved","leaf_cycle":"evergreen","species_en":"Neem"},"geometry":{"type":"Point","coordinates":[77.6447855,12.3503603]}},{"type":"Feature","properties":{"kind":"tree","leaf_type":"broadleaved","leaf_cycle":"evergreen","species_en":"Neem"},"geometry":{"type":"Point","coordinates":[77.6480844,12.3505373]}},{"type":"Feature","properties":{"kind":"tree","leaf_type":"broadleaved","leaf_cycle":"evergreen","species_en":"Neem"},"geometry":{"type":"Point","coordinates":[77.6448835,12.350597]}},{"type":"Feature","properties":{"kind":"tree","leaf_type":"broadleaved","leaf_cycle":"evergreen","species_en":"Neem"},"geometry":{"type":"Point","coordinates":[77.6481135,12.3506544]}},{"type":"Feature","properties":{"kind":"tree","leaf_type":"broadleaved","leaf_cycle":"evergreen","species_en":"Neem"},"geometry":{"type":"Point","coordinates":[77.6481235,12.3507162]}},{"type":"Feature","properties":{"kind":"tree","leaf_type":"broadleaved","leaf_cycle":"evergreen","species_en":"Neem"},"geometry":{"type":"Point","coordinates":[77.6457784,12.3508205]}},{"type":"Feature","properties":{"kind":"tree","leaf_type":"broadleaved","leaf_cycle":"evergreen","species_en":"Neem"},"geometry":{"type":"Point","coordinates":[77.6459167,12.3509491]}},{"type":"Feature","properties":{"kind":"tree","leaf_type":"broadleaved","leaf_cycle":"evergreen","species_en":"Neem"},"geometry":{"type":"Point","coordinates":[77.6471609,12.3511443]}},{"type":"Feature","properties":{"kind":"tree","leaf_type":"broadleaved","leaf_cycle":"evergreen","species_en":"Neem"},"geometry":{"type":"Point","coordinates":[77.6442341,12.3512065]}},{"type":"Feature","properties":{"kind":"tree","leaf_type":"broadleaved","leaf_cycle":"evergreen","species_en":"Neem"},"geometry":{"type":"Point","coordinates":[77.6473125,12.3512192]}},{"type":"Feature","properties":{"kind":"tree","leaf_type":"broadleaved","leaf_cycle":"evergreen","species_en":"Neem"},"geometry":{"type":"Point","coordinates":[77.646137,12.3513328]}},{"type":"Feature","properties":{"kind":"tree","leaf_type":"broadleaved","leaf_cycle":"evergreen","species_en":"Neem"},"geometry":{"type":"Point","coordinates":[77.6445143,12.3513678]}},{"type":"Feature","properties":{"kind":"tree","leaf_type":"broadleaved","leaf_cycle":"evergreen","species_en":"Neem"},"geometry":{"type":"Point","coordinates":[77.6454586,12.3514109]}},{"type":"Feature","properties":{"kind":"tree","leaf_type":"broadleaved","leaf_cycle":"evergreen","species_en":"Neem"},"geometry":{"type":"Point","coordinates":[77.6471236,12.3514529]}},{"type":"Feature","properties":{"kind":"tree"},"geometry":{"type":"Point","coordinates":[77.6452599,12.3514833]}},{"type":"Feature","properties":{"kind":"tree","leaf_type":"broadleaved","leaf_cycle":"evergreen","species_en":"Neem"},"geometry":{"type":"Point","coordinates":[77.6457968,12.3514918]}},{"type":"Feature","properties":{"kind":"tree","leaf_type":"broadleaved","leaf_cycle":"evergreen","species_en":"Neem"},"geometry":{"type":"Point","coordinates":[77.6457918,12.3511442]}},{"type":"Feature","properties":{"kind":"tree","leaf_type":"broadleaved","leaf_cycle":"evergreen","species_en":"Neem"},"geometry":{"type":"Point","coordinates":[77.6453253,12.3515315]}},{"type":"Feature","properties":{"kind":"tree","leaf_type":"broadleaved","leaf_cycle":"evergreen","species_en":"Neem"},"geometry":{"type":"Point","coordinates":[77.6452905,12.3515392]}},{"type":"Feature","properties":{"kind":"tree","leaf_type":"broadleaved","leaf_cycle":"evergreen","species_en":"Neem"},"geometry":{"type":"Point","coordinates":[77.6453382,12.3516725]}},{"type":"Feature","properties":{"kind":"tree","leaf_type":"broadleaved","leaf_cycle":"evergreen","species_en":"Neem"},"geometry":{"type":"Point","coordinates":[77.6444361,12.3516959]}},{"type":"Feature","properties":{"kind":"tree","leaf_type":"broadleaved","leaf_cycle":"evergreen","species_en":"Neem"},"geometry":{"type":"Point","coordinates":[77.6454997,12.3517162]}},{"type":"Feature","properties":{"kind":"tree","leaf_type":"broadleaved","leaf_cycle":"evergreen","species_en":"Neem"},"geometry":{"type":"Point","coordinates":[77.6456994,12.3517724]}},{"type":"Feature","properties":{"kind":"tree","leaf_type":"broadleaved","leaf_cycle":"evergreen","species_en":"Neem"},"geometry":{"type":"Point","coordinates":[77.6461574,12.3518735]}},{"type":"Feature","properties":{"kind":"tree","leaf_type":"broadleaved","leaf_cycle":"evergreen","species_en":"Neem"},"geometry":{"type":"Point","coordinates":[77.6464573,12.351958]}},{"type":"Feature","properties":{"kind":"tree","leaf_type":"broadleaved","leaf_cycle":"evergreen","species_en":"Neem"},"geometry":{"type":"Point","coordinates":[77.6473088,12.3520267]}},{"type":"Feature","properties":{"kind":"tree","leaf_type":"broadleaved","leaf_cycle":"evergreen","species_en":"Neem"},"geometry":{"type":"Point","coordinates":[77.6465314,12.3520477]}},{"type":"Feature","properties":{"kind":"tree","leaf_type":"broadleaved","leaf_cycle":"evergreen","species_en":"Neem"},"geometry":{"type":"Point","coordinates":[77.6469413,12.3521573]}},{"type":"Feature","properties":{"kind":"tree","leaf_type":"broadleaved","leaf_cycle":"evergreen","species_en":"Neem"},"geometry":{"type":"Point","coordinates":[77.6447639,12.3524488]}},{"type":"Feature","properties":{"kind":"tree","leaf_type":"broadleaved","leaf_cycle":"evergreen","species_en":"Neem"},"geometry":{"type":"Point","coordinates":[77.6448203,12.3525036]}},{"type":"Feature","properties":{"kind":"tree","leaf_type":"broadleaved","leaf_cycle":"evergreen","species_en":"Neem"},"geometry":{"type":"Point","coordinates":[77.6469206,12.3525327]}},{"type":"Feature","properties":{"kind":"tree","leaf_type":"broadleaved","leaf_cycle":"evergreen","species_en":"Neem"},"geometry":{"type":"Point","coordinates":[77.6448245,12.3525587]}},{"type":"Feature","properties":{"kind":"tree","leaf_type":"broadleaved","leaf_cycle":"evergreen","species_en":"Neem"},"geometry":{"type":"Point","coordinates":[77.646942,12.3527835]}},{"type":"Feature","properties":{"kind":"tree","leaf_type":"broadleaved","leaf_cycle":"evergreen","species_en":"Neem"},"geometry":{"type":"Point","coordinates":[77.6468405,12.3528836]}},{"type":"Feature","properties":{"kind":"tree","leaf_type":"broadleaved","leaf_cycle":"evergreen","species_en":"Neem"},"geometry":{"type":"Point","coordinates":[77.6453337,12.3535169]}},{"type":"Feature","properties":{"kind":"tree","leaf_type":"broadleaved","leaf_cycle":"evergreen","species_en":"Neem"},"geometry":{"type":"Point","coordinates":[77.645634,12.3535696]}},{"type":"Feature","properties":{"kind":"tree","leaf_type":"broadleaved","leaf_cycle":"evergreen","species_en":"Neem"},"geometry":{"type":"Point","coordinates":[77.645575,12.3535652]}},{"type":"Feature","properties":{"kind":"tree","leaf_type":"broadleaved","leaf_cycle":"evergreen","species_en":"Neem"},"geometry":{"type":"Point","coordinates":[77.6458776,12.3535763]}},{"type":"Feature","properties":{"kind":"tree","leaf_type":"broadleaved","leaf_cycle":"evergreen","species_en":"Neem"},"geometry":{"type":"Point","coordinates":[77.6458358,12.353582]}},{"type":"Feature","properties":{"kind":"tree","leaf_type":"broadleaved","leaf_cycle":"evergreen","species_en":"Neem"},"geometry":{"type":"Point","coordinates":[77.6477872,12.3537716]}},{"type":"Feature","properties":{"kind":"tree","leaf_type":"broadleaved","leaf_cycle":"evergreen","species_en":"Neem"},"geometry":{"type":"Point","coordinates":[77.6456515,12.3539397]}},{"type":"Feature","properties":{"kind":"tree","leaf_type":"broadleaved","leaf_cycle":"evergreen","species_en":"Neem"},"geometry":{"type":"Point","coordinates":[77.6449707,12.354345]}},{"type":"Feature","properties":{"kind":"tree","leaf_type":"broadleaved","leaf_cycle":"evergreen","species_en":"Neem"},"geometry":{"type":"Point","coordinates":[77.6451194,12.3547721]}},{"type":"Feature","properties":{"kind":"tree","leaf_type":"broadleaved","leaf_cycle":"evergreen","species_en":"Neem"},"geometry":{"type":"Point","coordinates":[77.6451765,12.3550665]}},{"type":"Feature","properties":{"kind":"tree","leaf_type":"broadleaved","leaf_cycle":"evergreen","species_en":"Neem"},"geometry":{"type":"Point","coordinates":[77.6450664,12.3557531]}},{"type":"Feature","properties":{"kind":"tree","leaf_type":"broadleaved","leaf_cycle":"evergreen","species_en":"Mango"},"geometry":{"type":"Point","coordinates":[77.6439174,12.3484365]}},{"type":"Feature","properties":{"kind":"tree"},"geometry":{"type":"Point","coordinates":[77.6469424,12.3523841]}},{"type":"Feature","properties":{"kind":"tree","leaf_type":"broadleaved","leaf_cycle":"semi_evergreen","species_en":"Honge"},"geometry":{"type":"Point","coordinates":[77.6488678,12.3477889]}},{"type":"Feature","properties":{"kind":"tree","leaf_type":"broadleaved","leaf_cycle":"semi_evergreen","species_en":"Honge"},"geometry":{"type":"Point","coordinates":[77.6487383,12.3478189]}},{"type":"Feature","properties":{"kind":"tree","leaf_type":"broadleaved","leaf_cycle":"semi_evergreen","species_en":"Honge"},"geometry":{"type":"Point","coordinates":[77.648796,12.3480966]}},{"type":"Feature","properties":{"kind":"tree","leaf_type":"broadleaved","leaf_cycle":"semi_evergreen","species_en":"Honge"},"geometry":{"type":"Point","coordinates":[77.6444196,12.3499868]}},{"type":"Feature","properties":{"kind":"tree","leaf_type":"broadleaved","leaf_cycle":"semi_evergreen","species_en":"Honge"},"geometry":{"type":"Point","coordinates":[77.6448768,12.3507131]}},{"type":"Feature","properties":{"kind":"tree","leaf_type":"broadleaved","leaf_cycle":"semi_evergreen","species_en":"Honge"},"geometry":{"type":"Point","coordinates":[77.645178,12.3553211]}},{"type":"Feature","properties":{"kind":"tree","leaf_type":"broadleaved","leaf_cycle":"deciduous","species_en":"Tamarind"},"geometry":{"type":"Point","coordinates":[77.6481631,12.3444602]}},{"type":"Feature","properties":{"kind":"tree","leaf_type":"broadleaved","leaf_cycle":"evergreen","species_en":"Neem"},"geometry":{"type":"Point","coordinates":[77.6485495,12.3447375]}},{"type":"Feature","properties":{"kind":"tree","leaf_type":"broadleaved","leaf_cycle":"deciduous","species_en":"Tamarind"},"geometry":{"type":"Point","coordinates":[77.650492,12.3452876]}},{"type":"Feature","properties":{"kind":"tree","leaf_type":"broadleaved","leaf_cycle":"deciduous","species_en":"Tamarind"},"geometry":{"type":"Point","coordinates":[77.6505652,12.3453126]}},{"type":"Feature","properties":{"kind":"tree","leaf_type":"broadleaved","leaf_cycle":"deciduous","species_en":"Tamarind"},"geometry":{"type":"Point","coordinates":[77.6505036,12.345384]}},{"type":"Feature","properties":{"kind":"tree","leaf_type":"broadleaved","leaf_cycle":"deciduous","species_en":"Tamarind"},"geometry":{"type":"Point","coordinates":[77.650788,12.3455565]}},{"type":"Feature","properties":{"kind":"tree","leaf_type":"broadleaved","leaf_cycle":"deciduous","species_en":"Tamarind"},"geometry":{"type":"Point","coordinates":[77.6448553,12.346336]}},{"type":"Feature","properties":{"kind":"tree","leaf_type":"broadleaved","leaf_cycle":"deciduous","species_en":"Tamarind"},"geometry":{"type":"Point","coordinates":[77.6484531,12.3465003]}},{"type":"Feature","properties":{"kind":"tree","leaf_type":"broadleaved","leaf_cycle":"deciduous","species_en":"Tamarind"},"geometry":{"type":"Point","coordinates":[77.6448446,12.3465636]}},{"type":"Feature","properties":{"kind":"tree","leaf_type":"broadleaved","leaf_cycle":"deciduous","species_en":"Tamarind"},"geometry":{"type":"Point","coordinates":[77.6445816,12.3467922]}},{"type":"Feature","properties":{"kind":"tree","leaf_type":"broadleaved","leaf_cycle":"deciduous","species_en":"Tamarind"},"geometry":{"type":"Point","coordinates":[77.6446389,12.3468074]}},{"type":"Feature","properties":{"kind":"tree","leaf_type":"broadleaved","leaf_cycle":"deciduous","species_en":"Tamarind"},"geometry":{"type":"Point","coordinates":[77.6447503,12.3468725]}},{"type":"Feature","properties":{"kind":"tree","leaf_type":"broadleaved","leaf_cycle":"deciduous","species_en":"Tamarind"},"geometry":{"type":"Point","coordinates":[77.6445102,12.3471348]}},{"type":"Feature","properties":{"kind":"tree","leaf_type":"broadleaved","leaf_cycle":"deciduous","species_en":"Tamarind"},"geometry":{"type":"Point","coordinates":[77.6475215,12.3474808]}},{"type":"Feature","properties":{"kind":"tree","leaf_type":"broadleaved","leaf_cycle":"deciduous","species_en":"Tamarind"},"geometry":{"type":"Point","coordinates":[77.6450009,12.3477022]}},{"type":"Feature","properties":{"kind":"tree","leaf_type":"broadleaved","leaf_cycle":"deciduous","species_en":"Tamarind"},"geometry":{"type":"Point","coordinates":[77.6492037,12.3479149]}},{"type":"Feature","properties":{"kind":"tree","leaf_type":"broadleaved","leaf_cycle":"deciduous","species_en":"Tamarind"},"geometry":{"type":"Point","coordinates":[77.6493633,12.3479336]}},{"type":"Feature","properties":{"kind":"tree","leaf_type":"broadleaved","leaf_cycle":"deciduous","species_en":"Tamarind"},"geometry":{"type":"Point","coordinates":[77.6490201,12.3481071]}},{"type":"Feature","properties":{"kind":"tree","leaf_type":"broadleaved","leaf_cycle":"deciduous","species_en":"Tamarind"},"geometry":{"type":"Point","coordinates":[77.6439699,12.348068]}},{"type":"Feature","properties":{"kind":"tree","leaf_type":"broadleaved","leaf_cycle":"deciduous","species_en":"Tamarind"},"geometry":{"type":"Point","coordinates":[77.6451205,12.3480589]}},{"type":"Feature","properties":{"kind":"tree","leaf_type":"broadleaved","leaf_cycle":"deciduous","species_en":"Tamarind"},"geometry":{"type":"Point","coordinates":[77.6439411,12.3481086]}},{"type":"Feature","properties":{"kind":"tree","leaf_type":"broadleaved","leaf_cycle":"deciduous","species_en":"Tamarind"},"geometry":{"type":"Point","coordinates":[77.6486733,12.3481452]}},{"type":"Feature","properties":{"kind":"tree","leaf_type":"broadleaved","leaf_cycle":"deciduous","species_en":"Tamarind"},"geometry":{"type":"Point","coordinates":[77.6452295,12.3498001]}},{"type":"Feature","properties":{"kind":"tree","leaf_type":"broadleaved","leaf_cycle":"deciduous","species_en":"Tamarind"},"geometry":{"type":"Point","coordinates":[77.6453278,12.349823]}},{"type":"Feature","properties":{"kind":"tree","leaf_type":"broadleaved","leaf_cycle":"deciduous","species_en":"Tamarind"},"geometry":{"type":"Point","coordinates":[77.6454174,12.3498316]}},{"type":"Feature","properties":{"kind":"tree","leaf_type":"broadleaved","leaf_cycle":"deciduous","species_en":"Tamarind"},"geometry":{"type":"Point","coordinates":[77.6453217,12.3499006]}},{"type":"Feature","properties":{"kind":"tree","leaf_type":"broadleaved","leaf_cycle":"deciduous","species_en":"Tamarind"},"geometry":{"type":"Point","coordinates":[77.6451922,12.3499407]}},{"type":"Feature","properties":{"kind":"tree","leaf_type":"broadleaved","leaf_cycle":"deciduous","species_en":"Tamarind"},"geometry":{"type":"Point","coordinates":[77.645394,12.3499625]}},{"type":"Feature","properties":{"kind":"tree","leaf_type":"broadleaved","leaf_cycle":"deciduous","species_en":"Tamarind"},"geometry":{"type":"Point","coordinates":[77.6452923,12.3502914]}},{"type":"Feature","properties":{"kind":"tree","leaf_type":"broadleaved","leaf_cycle":"deciduous","species_en":"Tamarind"},"geometry":{"type":"Point","coordinates":[77.6454226,12.3502893]}},{"type":"Feature","properties":{"kind":"tree","leaf_type":"broadleaved","leaf_cycle":"deciduous","species_en":"Tamarind"},"geometry":{"type":"Point","coordinates":[77.6443013,12.3504301]}},{"type":"Feature","properties":{"kind":"tree","leaf_type":"broadleaved","leaf_cycle":"evergreen","species_en":"Neem"},"geometry":{"type":"Point","coordinates":[77.6460155,12.3516878]}},{"type":"Feature","properties":{"kind":"tree","leaf_type":"broadleaved","leaf_cycle":"evergreen","species_en":"Neem"},"geometry":{"type":"Point","coordinates":[77.6451915,12.3518609]}},{"type":"Feature","properties":{"kind":"tree"},"geometry":{"type":"Point","coordinates":[77.6464629,12.351855]}},{"type":"Feature","properties":{"kind":"tree","leaf_type":"broadleaved","leaf_cycle":"deciduous","species_en":"Tamarind"},"geometry":{"type":"Point","coordinates":[77.6451447,12.3519043]}},{"type":"Feature","properties":{"kind":"tree","leaf_type":"broadleaved","leaf_cycle":"deciduous","species_en":"Tamarind"},"geometry":{"type":"Point","coordinates":[77.6451451,12.3519908]}},{"type":"Feature","properties":{"kind":"tree","leaf_type":"broadleaved","leaf_cycle":"deciduous","species_en":"Tamarind"},"geometry":{"type":"Point","coordinates":[77.6451847,12.3520232]}},{"type":"Feature","properties":{"kind":"tree","leaf_type":"broadleaved","leaf_cycle":"deciduous","species_en":"Tamarind"},"geometry":{"type":"Point","coordinates":[77.6441031,12.3520312]}},{"type":"Feature","properties":{"kind":"tree","leaf_type":"broadleaved","leaf_cycle":"evergreen","species_en":"Neem"},"geometry":{"type":"Point","coordinates":[77.6457053,12.3535787]}},{"type":"Feature","properties":{"kind":"tree","leaf_type":"broadleaved","leaf_cycle":"deciduous","species_en":"Tamarind"},"geometry":{"type":"Point","coordinates":[77.6468237,12.3536963]}},{"type":"Feature","properties":{"kind":"tree","leaf_type":"broadleaved","leaf_cycle":"deciduous","species_en":"Tamarind"},"geometry":{"type":"Point","coordinates":[77.6492573,12.3537235]}},{"type":"Feature","properties":{"kind":"tree"},"geometry":{"type":"Point","coordinates":[77.6484778,12.3538782]}},{"type":"Feature","properties":{"kind":"tree"},"geometry":{"type":"Point","coordinates":[77.6480348,12.3540302]}},{"type":"Feature","properties":{"kind":"tree"},"geometry":{"type":"Point","coordinates":[77.6480397,12.354094]}},{"type":"Feature","properties":{"kind":"tree","leaf_type":"broadleaved","leaf_cycle":"deciduous","species_en":"Tamarind"},"geometry":{"type":"Point","coordinates":[77.6476578,12.3542252]}},{"type":"Feature","properties":{"kind":"tree","leaf_type":"broadleaved","leaf_cycle":"deciduous","species_en":"Tamarind"},"geometry":{"type":"Point","coordinates":[77.6476388,12.3543075]}},{"type":"Feature","properties":{"kind":"tree","leaf_type":"broadleaved","leaf_cycle":"deciduous","species_en":"Tamarind"},"geometry":{"type":"Point","coordinates":[77.6452638,12.3542816]}},{"type":"Feature","properties":{"kind":"tree","leaf_type":"broadleaved","leaf_cycle":"deciduous","species_en":"Tamarind"},"geometry":{"type":"Point","coordinates":[77.6479082,12.3544803]}},{"type":"Feature","properties":{"kind":"tree","leaf_type":"broadleaved","leaf_cycle":"deciduous","species_en":"Tamarind"},"geometry":{"type":"Point","coordinates":[77.6478253,12.3545037]}},{"type":"Feature","properties":{"kind":"tree","leaf_type":"broadleaved","leaf_cycle":"deciduous","species_en":"Tamarind"},"geometry":{"type":"Point","coordinates":[77.6481496,12.3545978]}},{"type":"Feature","properties":{"kind":"tree","leaf_type":"broadleaved","leaf_cycle":"evergreen","species_en":"Jackfruit"},"geometry":{"type":"Point","coordinates":[77.6484067,12.344887]}},{"type":"Feature","properties":{"kind":"tree","leaf_type":"broadleaved","leaf_cycle":"deciduous","species_en":"Tamarind"},"geometry":{"type":"Point","coordinates":[77.6462696,12.3479818]}},{"type":"Feature","properties":{"kind":"gate"},"geometry":{"type":"Point","coordinates":[77.6452036,12.3508591]}},{"type":"Feature","properties":{"kind":"poi","amenity":"shower","cat":"shower"},"geometry":{"type":"Point","coordinates":[77.6463096,12.3530847]}},{"type":"Feature","properties":{"kind":"water_infra","man_made":"storage_tank"},"geometry":{"type":"Point","coordinates":[77.6466004,12.3527701]}},{"type":"Feature","properties":{"kind":"water_infra","man_made":"storage_tank"},"geometry":{"type":"Point","coordinates":[77.6465901,12.3526144]}},{"type":"Feature","properties":{"kind":"gate"},"geometry":{"type":"Point","coordinates":[77.6441482,12.3515153]}},{"type":"Feature","properties":{"kind":"infra"},"geometry":{"type":"Point","coordinates":[77.6460106,12.3465131]}},{"type":"Feature","properties":{"kind":"water_infra","man_made":"water_tower"},"geometry":{"type":"Point","coordinates":[77.6452825,12.3518378]}},{"type":"Feature","properties":{"kind":"gate"},"geometry":{"type":"Point","coordinates":[77.6452176,12.3492659]}},{"type":"Feature","properties":{"kind":"gate"},"geometry":{"type":"Point","coordinates":[77.6456808,12.349123]}},{"type":"Feature","properties":{"kind":"gate"},"geometry":{"type":"Point","coordinates":[77.6458115,12.3487431]}},{"type":"Feature","properties":{"kind":"poi","amenity":"toilets","cat":"toilets"},"geometry":{"type":"Point","coordinates":[77.6452995,12.3518313]}},{"type":"Feature","properties":{"kind":"infra"},"geometry":{"type":"Point","coordinates":[77.6463483,12.3509367]}},{"type":"Feature","properties":{"kind":"infra"},"geometry":{"type":"Point","coordinates":[77.6458076,12.3497144]}},{"type":"Feature","properties":{"kind":"scrub"},"geometry":{"type":"Polygon","coordinates":[[[77.6912029,12.3386923],[77.6487257,12.3076139],[77.6480591,12.3081704],[77.6480996,12.3088566],[77.6465774,12.3093622],[77.644697,12.3076837],[77.6444916,12.3056715],[77.6433001,12.3061116],[77.6425024,12.3071732],[77.6426793,12.3087879],[77.6428056,12.3109211],[77.6411373,12.3107349],[77.6381712,12.310445],[77.6379499,12.3086076],[77.6380891,12.3077011],[77.6384533,12.3069411],[77.6401556,12.3022598],[77.6412481,12.3013774],[77.6299095,12.2919108],[77.6284933,12.2938816],[77.6283645,12.2944476],[77.6292228,12.2982633],[77.6290297,12.2988713],[77.6290297,12.2993745],[77.6298022,12.2999825],[77.6302099,12.3024983],[77.6307034,12.3052447],[77.6299524,12.3067541],[77.6287293,12.310947],[77.6287722,12.3120791],[77.6283216,12.3131902],[77.6278281,12.3152446],[77.6275277,12.3166492],[77.6260393,12.3215469],[77.6233649,12.3221417],[77.6207042,12.3226448],[77.6189446,12.3217853],[77.6162839,12.3220159],[77.6153612,12.3226658],[77.6130867,12.3226658],[77.6085019,12.3237501],[77.6045036,12.34214],[77.6135955,12.3423302],[77.6134944,12.3482398],[77.6108122,12.3532914],[77.610619,12.3578398],[77.6095247,12.3593909],[77.6036898,12.3592226],[77.6035698,12.3592472],[77.6034645,12.3593144],[77.6034169,12.3593901],[77.6033959,12.3594796],[77.6139569,12.362416],[77.6182031,12.3647965],[77.6220989,12.3642537],[77.6249313,12.3603341],[77.6286649,12.3552407],[77.6335413,12.3503532],[77.6394077,12.3365993],[77.6407782,12.3343591],[77.6457528,12.3262275],[77.6546183,12.3191734],[77.6589792,12.3192358],[77.6591883,12.3223042],[77.6584163,12.3256921],[77.6579102,12.3275436],[77.6577878,12.3283782],[77.6580017,12.3295047],[77.6574208,12.3302613],[77.6563169,12.330726],[77.6551289,12.3315647],[77.6533805,12.332148],[77.6526484,12.3341904],[77.6519634,12.3376454],[77.6509079,12.3411406],[77.6515696,12.3431078],[77.6520256,12.3453162],[77.6452741,12.3600951],[77.6423525,12.3610527],[77.6407888,12.3614711],[77.6398014,12.362533],[77.638897,12.3649181],[77.6387536,12.3661709],[77.6391041,12.3675847],[77.6387143,12.3693264],[77.6380775,12.3709474],[77.6383463,12.3723474],[77.6387799,12.3737071],[77.6421492,12.3778108],[77.6451214,12.3839705],[77.6519075,12.3844097],[77.6529617,12.3860754],[77.6496264,12.3888365],[77.6488318,12.3914353],[77.6476644,12.3941334],[77.646196,12.3953818],[77.6476719,12.4000717],[77.6435026,12.4014748],[77.6400629,12.4009078],[77.6391971,12.4006101],[77.6380773,12.4007258],[77.636134,12.4014118],[77.6320782,12.4037346],[77.6289382,12.4079984],[77.6281418,12.4091781],[77.6275182,12.4094599],[77.6256856,12.4102879],[77.6240819,12.4107805],[77.6233698,12.4107009],[77.609729,12.4225138],[77.6103359,12.4248247],[77.6096024,12.4260177],[77.6089283,12.4260515],[77.6084463,12.4266855],[77.6064722,12.4310073],[77.6055079,12.4324264],[77.6032387,12.4332232],[77.6053157,12.4342241],[77.6058762,12.4344652],[77.6065885,12.4358028],[77.6092572,12.4350701],[77.610955,12.436227],[77.6115102,12.4378426],[77.6128103,12.4397066],[77.6120096,12.441753],[77.6116183,12.4435315],[77.6117342,12.4456381],[77.6146947,12.447434],[77.6149703,12.4479593],[77.6151113,12.4485431],[77.616152,12.4530643],[77.6202797,12.4646095],[77.6238129,12.4698045],[77.624056,12.4720877],[77.6232262,12.4742033],[77.6193396,12.4750599],[77.6143801,12.4753717],[77.6090893,12.4754752],[77.6047428,12.4748664],[77.6027673,12.4783744],[77.6005343,12.4818406],[77.6003931,12.4892252],[77.6005822,12.490325],[77.6005386,12.4905337],[77.6005566,12.4907545],[77.6006974,12.4913405],[77.6007142,12.4918685],[77.6007303,12.4923729],[77.6021403,12.4966518],[77.6032112,12.505231],[77.6019648,12.5075467],[77.6037475,12.5168985],[77.6039526,12.5190627],[77.6038241,12.5234228],[77.6036453,12.5294916],[77.605834,12.5331573],[77.6135405,12.5355621],[77.6182151,12.5370323],[77.6221847,12.5342255],[77.624366,12.5349617],[77.6280543,12.5353037],[77.6285354,12.5345564],[77.6315437,12.5319603],[77.6329834,12.5294638],[77.6353383,12.5271435],[77.6363139,12.5255967],[77.6375949,12.5237662],[77.6379183,12.5228467],[77.6385874,12.5229026],[77.6395595,12.5225746],[77.6398516,12.5217098],[77.639463,12.5210985],[77.639224,12.5206469],[77.640167,12.5182762],[77.639575,12.5169475],[77.6387481,12.5164078],[77.6386822,12.5159441],[77.6389915,12.5139882],[77.6387098,12.5103225],[77.6395151,12.5083665],[77.6400736,12.508282],[77.6410604,12.5083497],[77.6415004,12.5095468],[77.6421294,12.5092709],[77.6425636,12.5088049],[77.6421133,12.5064342],[77.6454907,12.5026824],[77.6478999,12.4978787],[77.6539373,12.4968305],[77.6543717,12.4855183],[77.6544039,12.4841007],[77.6553571,12.4823943],[77.6569123,12.4815367],[77.6585677,12.4788835],[77.657573,12.4765775],[77.6604481,12.4746584],[77.6622104,12.4737712],[77.6605984,12.4707434],[77.6607692,12.4620849],[77.653236,12.4619164],[77.6488029,12.4676812],[77.6475048,12.4708763],[77.6445007,12.4713791],[77.6400161,12.4708134],[77.638514,12.466686],[77.6383638,12.4648003],[77.6381783,12.4616989],[77.6382565,12.4587661],[77.638577,12.4570293],[77.6384067,12.4546384],[77.6389646,12.4524593],[77.6371407,12.4509717],[77.6376436,12.4473804],[77.6366687,12.4456705],[77.6396298,12.4440571],[77.6436853,12.4442457],[77.6449942,12.441815],[77.642827,12.4415846],[77.6435137,12.4398244],[77.6385784,12.4383786],[77.6387824,12.4366193],[77.6368618,12.4346802],[77.6358747,12.4331924],[77.6365292,12.4265079],[77.6387371,12.4221432],[77.6425522,12.4219781],[77.6468289,12.4216882],[77.6520324,12.4214682],[77.6565599,12.4187125],[77.6585097,12.4144445],[77.6647138,12.4123838],[77.6686406,12.4107912],[77.6700686,12.4043793],[77.6694131,12.3966139],[77.6631452,12.3972792],[77.6651416,12.3867602],[77.666173,12.3790301],[77.6693272,12.3789462],[77.6750566,12.3695616],[77.6763654,12.3639183],[77.6695204,12.3616756],[77.668209,12.3600226],[77.6677179,12.3525997],[77.6694774,12.3483446],[77.6760006,12.3460808],[77.6784052,12.3412432],[77.6871398,12.3393063],[77.6912029,12.3386923]]]}},{"type":"Feature","properties":{"kind":"path","highway":"tertiary"},"geometry":{"type":"LineString","coordinates":[[77.6455034,12.3346546],[77.6445065,12.3345498],[77.6435151,12.3344487],[77.6428996,12.3344913],[77.642495,12.3345295],[77.6422241,12.3345551],[77.6415596,12.3344593],[77.641248,12.3343996],[77.6407782,12.3343591],[77.6402395,12.3342529],[77.6396719,12.3341753],[77.6394965,12.3340397],[77.6393383,12.3339175],[77.6392953,12.3334563],[77.6393597,12.3329532],[77.6393812,12.332492],[77.6395099,12.3321357],[77.6398747,12.3320938],[77.6400249,12.3319261],[77.6395957,12.3318841],[77.6392953,12.3320309],[77.6391666,12.3323034],[77.6390593,12.3325969],[77.6388447,12.3328903],[77.6386419,12.333232],[77.6383512,12.3335192],[77.6381913,12.333777],[77.6380197,12.3340705],[77.6377718,12.3344206],[77.6377836,12.3348881],[77.6376549,12.3352025],[77.6374929,12.3355735],[77.6373545,12.3359781],[77.6373116,12.3364602],[77.6371496,12.336978],[77.6369039,12.3374454],[77.6367204,12.338089],[77.636346,12.3384307],[77.6358406,12.3385082],[77.6354448,12.3387451],[77.6349512,12.3390176],[77.6347249,12.3393677],[77.6343172,12.3395982],[77.6340715,12.3396674],[77.6337496,12.3396045],[77.6335232,12.3392419],[77.6332872,12.3387807],[77.6332014,12.3383405],[77.6328913,12.3382839],[77.6323216,12.3383196],[77.6319139,12.3383405],[77.6316135,12.3384244],[77.6316253,12.338787],[77.6311532,12.338808],[77.6308196,12.3385292],[77.6303689,12.3384034],[77.6298658,12.3384516],[77.6292317,12.3384244],[77.6286212,12.3383259],[77.6283519,12.3379213],[77.6282994,12.3373616],[77.6281373,12.336978],[77.6278487,12.337131],[77.6276009,12.3374182],[77.6274292,12.3378165],[77.6271898,12.3382515],[77.6270422,12.3384061],[77.6267686,12.3384533],[77.6262939,12.3384742],[77.6258306,12.3384008],[77.6254544,12.3382672],[77.6250378,12.3381372],[77.6247275,12.3380681],[77.6243386,12.3379842],[77.6239316,12.3379003],[77.6235883,12.3376069],[77.6232568,12.3375712],[77.6230208,12.3374035],[77.6228276,12.3370472],[77.622494,12.3368103],[77.6221936,12.3365797],[77.6217977,12.3364812],[77.6213353,12.3361185],[77.6213567,12.3357412],[77.6216142,12.3354058],[77.6216357,12.3348818],[77.6214973,12.3343221],[77.6217215,12.3340852],[77.6219361,12.3337708],[77.6218932,12.3334563],[77.6217644,12.3328065],[77.6217644,12.3323453],[77.6219146,12.3318841],[77.6221292,12.3314439],[77.6221936,12.3309827],[77.6222365,12.3305635],[77.6223438,12.3301233],[77.6224296,12.3296831],[77.6223652,12.3290961],[77.6225798,12.328593],[77.6226442,12.3276287],[77.6226774,12.3271319],[77.6223652,12.3266434],[77.6219146,12.3265177],[77.6213996,12.3264757],[77.6211636,12.326329],[77.6216475,12.3261047],[77.6221507,12.3259307],[77.6225369,12.325742],[77.6223341,12.3255387],[77.621905,12.3255806],[77.6215498,12.3257211],[77.6214426,12.3255324],[77.6217977,12.3253081],[77.6221292,12.3249454],[77.6222365,12.3245052],[77.6220863,12.3238763],[77.6222365,12.3232474],[77.6223223,12.3225347],[77.6224725,12.32178],[77.6225154,12.3210672],[77.62273,12.3205851],[77.6229178,12.3201928],[77.6229778,12.3200673],[77.6228802,12.3196207],[77.6226227,12.3190128],[77.6223556,12.3184531],[77.6221936,12.3177969],[77.6220811,12.3173572],[77.6220219,12.3171261],[77.621905,12.3163777],[77.6216786,12.3157005],[77.6217333,12.3148263],[77.6217215,12.314233],[77.621905,12.3135685],[77.6220219,12.3127446],[77.6222365,12.3118222],[77.6222276,12.3115476],[77.6221737,12.3113634],[77.6220409,12.3111625],[77.6218502,12.3110255],[77.6215402,12.3106754],[77.6214426,12.3102079],[77.6213567,12.3097048],[77.6210992,12.3092436],[77.6207988,12.3088872],[77.6206238,12.308894],[77.6202624,12.3089081],[77.6197807,12.3091241],[77.6193182,12.3090339],[77.6190178,12.3084889],[77.6185887,12.3081534],[77.6181595,12.3078809],[77.6180494,12.3077718],[77.6179784,12.3077016],[77.6177937,12.3075186],[77.6177636,12.3074888],[77.6173656,12.307231],[77.6171667,12.306551],[77.617151,12.3064972],[77.6171296,12.3059102],[77.6172274,12.3055038],[77.6172445,12.3054331],[77.6173012,12.3051974],[77.6173656,12.304275],[77.6174085,12.3031429],[77.6174085,12.3017173],[77.6175373,12.3010254],[77.6177089,12.2998933],[77.6179879,12.2987402],[77.617945,12.2974613],[77.6177754,12.2961174],[77.6177389,12.2957948],[77.6177947,12.2954696],[77.6180952,12.2947777],[77.6183097,12.2939811],[77.6188033,12.2928489],[77.6188891,12.2922828],[77.6187603,12.2914023],[77.6187174,12.2906265],[77.6189749,12.2899137],[77.6191251,12.2892638],[77.6190393,12.2887815],[77.6187389,12.2880897],[77.6186101,12.2873978],[77.6184288,12.2866283],[77.6184932,12.2858945],[77.6188676,12.2852383],[77.6196305,12.2845317],[77.6201122,12.2839488],[77.620264,12.2831893],[77.6203909,12.2829686],[77.6204662,12.2828376],[77.6209276,12.2826908],[77.6214962,12.2824812],[77.6220112,12.2822086],[77.6223223,12.2819151],[77.6225278,12.2819104]]}},{"type":"Feature","properties":{"kind":"path","highway":"secondary"},"geometry":{"type":"LineString","coordinates":[[77.6455034,12.3346546],[77.6449974,12.3353358],[77.6443351,12.3356299],[77.6438249,12.3359476],[77.6435986,12.3363896],[77.6434838,12.336734],[77.6435372,12.3369305],[77.6435568,12.3373958],[77.6435435,12.3380071],[77.6434387,12.3381476],[77.6428967,12.3382128],[77.6427445,12.3382243],[77.6423052,12.3382649],[77.6421693,12.3383394],[77.6421301,12.3385767],[77.6421097,12.3387006],[77.6419919,12.3393112],[77.641597,12.3402026],[77.6409842,12.3412336],[77.6407731,12.3418389],[77.6406538,12.3421429],[77.6406165,12.342238],[77.6402556,12.3428699],[77.6398198,12.3437014],[77.6395815,12.3443666],[77.639504,12.3456182],[77.6393627,12.3458029],[77.6387099,12.3465483],[77.6385262,12.3468336],[77.6384376,12.3471796],[77.6384082,12.3474455],[77.6384082,12.3479851],[77.6385111,12.3485672],[77.6385778,12.3489054],[77.6386526,12.3495426],[77.6387897,12.3503722],[77.6388029,12.3504134],[77.6388236,12.3504646],[77.6390504,12.351404],[77.6391866,12.3516301],[77.6398334,12.3525148],[77.6398565,12.3525796],[77.6399969,12.3529737],[77.6399492,12.3531866],[77.6397722,12.3534194],[77.6394317,12.354151],[77.6392819,12.3549425],[77.63915,12.3558798],[77.6391535,12.3562953],[77.6390831,12.3564012],[77.6389436,12.3563554],[77.6385901,12.3560085],[77.638289,12.35575],[77.6380767,12.3557367],[77.6373822,12.3559336],[77.6368034,12.3562329],[77.6364902,12.3566519],[77.6360952,12.3574967],[77.6358092,12.3577561],[77.6352509,12.3580022],[77.6349581,12.3582283],[77.6344134,12.3589533],[77.6340934,12.3594123],[77.6339163,12.3594987],[77.6333852,12.3597847],[77.6331401,12.3600375],[77.6329086,12.3603168],[77.6324932,12.3605363],[77.6311178,12.3612946],[77.6299194,12.3619464],[77.6294359,12.3621592],[77.6293406,12.3623787],[77.6292861,12.3627711],[77.629075,12.3630904],[77.6285235,12.3636824],[77.6280537,12.3638819],[77.6274204,12.3641679],[77.6267078,12.3646136],[77.6266442,12.3646534],[77.6259633,12.3650126],[77.62533,12.3653651],[77.6251642,12.3655191],[77.6250508,12.3656245],[77.6248738,12.3659637],[77.6246627,12.3663827],[77.6245693,12.366461],[77.6244244,12.3665823],[77.6237571,12.367121],[77.6234916,12.3673538],[77.6232328,12.367427],[77.6228106,12.367427],[77.6225383,12.3673937],[77.6220753,12.3674403],[77.6216803,12.3673405],[77.6213671,12.3673671],[77.6208973,12.3675068],[77.6195423,12.3679191],[77.6189226,12.3680588],[77.618303,12.3680588],[77.6178808,12.3681386],[77.6174927,12.3683382],[77.617091,12.3685842],[77.6169616,12.3688769],[77.616805,12.3695287],[77.6166484,12.3696484]]}},{"type":"Feature","properties":{"kind":"path","highway":"secondary"},"geometry":{"type":"LineString","coordinates":[[77.701999,12.3482171],[77.7018479,12.3481256],[77.7015473,12.3479343],[77.6990604,12.3456998],[77.6986215,12.3455179],[77.6977039,12.3451412],[77.6971586,12.3447254],[77.6958819,12.3435042],[77.6956026,12.3431015],[77.6953499,12.3428157],[77.6950574,12.3426728],[77.6948047,12.3426078],[77.6944456,12.342322],[77.6942195,12.3420362],[77.6941663,12.3418023],[77.6941796,12.340763],[77.6940732,12.3404901],[77.6938472,12.3403732],[77.6930359,12.3402043],[77.6925837,12.3400744],[77.6915863,12.3395677],[77.6912671,12.3392299],[77.691081,12.3389831],[77.6907352,12.3388662],[77.689884,12.3387882],[77.689751,12.3386843],[77.6897377,12.3384634],[77.6899372,12.3379697],[77.689884,12.3378268],[77.689658,12.3378788],[77.689392,12.3380217],[77.6892058,12.3379437],[77.6890329,12.3376449],[77.6890196,12.3374111],[77.6893521,12.3370863],[77.6895516,12.3364886],[77.6896314,12.3360339],[77.6895117,12.3357481],[77.6892723,12.3356312],[77.6890861,12.3356831],[77.6888866,12.3360339],[77.6887004,12.3360859],[77.6880222,12.3362288],[77.6877828,12.3361768],[77.6876631,12.3360079],[77.6876099,12.3356052],[77.6874769,12.3353324],[77.687171,12.3352154],[77.6867455,12.3351375],[77.6864396,12.3353583],[77.686147,12.3354493],[77.6858953,12.3354109],[77.6845471,12.3346194],[77.6842747,12.3345528],[77.6833623,12.3345794],[77.6827971,12.3345861],[77.6825997,12.3345063],[77.6821298,12.3338943],[77.6815306,12.3333821],[77.680305,12.3323643],[77.6801348,12.3321515],[77.680019,12.3318255],[77.6799782,12.3315528],[77.6798284,12.3312801],[77.6789364,12.3301426],[77.6786708,12.3298366],[77.6783644,12.329657],[77.6773907,12.329484],[77.6768528,12.3295239],[77.6756135,12.3297168],[77.6753343,12.3298233],[77.6749735,12.3299962],[77.674667,12.3299829],[77.674313,12.3297567],[77.6739453,12.3296237],[77.6735163,12.3296503],[77.6732712,12.3298565],[77.6728831,12.3303089],[77.6727537,12.3305417],[77.6726175,12.330688],[77.6724064,12.3306947],[77.6714531,12.3304619],[77.6708607,12.3303887],[77.6703364,12.3303554],[77.6699347,12.3304419],[77.6696487,12.3306348],[77.669424,12.3306016],[77.6692129,12.3304951],[77.6689814,12.3304818],[77.6687567,12.3307412],[77.6685252,12.3309674],[77.6682937,12.3309541],[77.6679056,12.3308876],[77.6675081,12.3309034],[77.6672521,12.3308555],[77.6670506,12.3307704],[77.6656778,12.3295783],[77.6654164,12.3292324],[77.6650351,12.3286949],[77.6643269,12.3277849],[77.6634227,12.3265662],[77.6633192,12.3261937],[77.6626709,12.32332],[77.662355,12.3215744],[77.6622624,12.3214254],[77.6620499,12.3212125],[77.6617068,12.3211274],[77.6607535,12.3209677],[77.6605356,12.3208453],[77.6604539,12.3206697],[77.6602905,12.3201109],[77.6601379,12.3199992],[77.6599255,12.3199726],[77.6596858,12.3201003],[77.6595169,12.3203291],[77.6592827,12.3209039],[77.6586454,12.3229953],[77.6584983,12.323139],[77.6578174,12.3233306],[77.6573707,12.3235116],[77.6564556,12.323916],[77.656047,12.3240491],[77.6556603,12.324097],[77.6550186,12.3241463],[77.6549685,12.3241502],[77.654658,12.3242406],[77.6545054,12.3244269],[77.6539607,12.3260234],[77.6537755,12.3264332],[77.653258,12.3270505],[77.6527351,12.3274709],[77.6520324,12.3280244],[77.6517273,12.3281894],[77.6502208,12.3285364],[77.6492079,12.3287941],[77.6488589,12.3290602],[77.6485015,12.3295009],[77.6475652,12.3307565],[77.6473524,12.3311639],[77.6470971,12.3318125],[77.6468758,12.3321534],[77.6463991,12.3328602],[77.6460331,12.333725],[77.6457352,12.3343486],[77.6455034,12.3346546]]}},{"type":"Feature","properties":{"kind":"path","highway":"residential"},"geometry":{"type":"LineString","coordinates":[[77.6421301,12.3385767],[77.6420329,12.3386605],[77.6419312,12.3387585],[77.6418399,12.3388447],[77.6417756,12.3389032],[77.6416454,12.3389587],[77.6415691,12.3389792],[77.6414166,12.3389735],[77.6413263,12.3389102],[77.6411396,12.3389199],[77.6409481,12.3388585]]}},{"type":"Feature","properties":{"kind":"path","highway":"residential"},"geometry":{"type":"LineString","coordinates":[[77.6413714,12.3363156],[77.6414709,12.336574],[77.6416,12.3367249],[77.641892,12.3368778],[77.6421797,12.337037],[77.6422768,12.337153],[77.6423107,12.3372708],[77.6424969,12.3373121],[77.6426344,12.3372977],[77.6426704,12.3373597],[77.642711,12.3376471],[77.6427532,12.3378581],[77.6427445,12.3382243]]}},{"type":"Feature","properties":{"kind":"path","highway":"unclassified"},"geometry":{"type":"LineString","coordinates":[[77.6398565,12.3525796],[77.6399868,12.3525825],[77.6400694,12.3526383],[77.6401942,12.3528781],[77.6403127,12.3531013],[77.6404381,12.3534072],[77.6405164,12.3535726],[77.640719,12.3539561],[77.6411029,12.3547917],[77.6413183,12.3554289],[77.6414304,12.3557386],[77.6415381,12.3558964],[77.641657,12.3560168],[77.6419243,12.356319],[77.6420846,12.3564609],[77.6421883,12.3565891],[77.6422682,12.356806],[77.6423609,12.3572825],[77.6424597,12.3577414]]}},{"type":"Feature","properties":{"kind":"path","highway":"residential"},"geometry":{"type":"LineString","coordinates":[[77.6387897,12.3503722],[77.6386269,12.3505129],[77.6382929,12.3505101],[77.6379039,12.3505009]]}},{"type":"Feature","properties":{"kind":"path","highway":"track"},"geometry":{"type":"LineString","coordinates":[[77.6388236,12.3504646],[77.6389562,12.3504537],[77.639263,12.3504454],[77.6395085,12.3504496],[77.6397582,12.3504475],[77.6399402,12.3504827],[77.6400735,12.3505302],[77.6401898,12.3505405],[77.6404784,12.3504568],[77.640618,12.3504092],[77.6406836,12.3504092],[77.6407259,12.3504402],[77.6407661,12.350587],[77.6409281,12.350992],[77.6410601,12.3513899],[77.641113,12.351456],[77.6411532,12.3514581],[77.6411977,12.3514147],[77.6413766,12.3512102],[77.6414634,12.3511192],[77.6416369,12.3510469],[77.6419002,12.3509903],[77.6419743,12.3509769],[77.6422303,12.3509304],[77.6427825,12.3508165],[77.6431168,12.3506883],[77.6433708,12.3506018],[77.6435845,12.3505398],[77.6437093,12.3505246],[77.6437989,12.3505738],[77.6439088,12.3508193],[77.6439775,12.3511036],[77.6440378,12.3513833],[77.6440989,12.3515141],[77.6441503,12.3517473],[77.6441509,12.3519204],[77.6441694,12.3520227],[77.644191,12.3522086],[77.6442053,12.352398],[77.6442145,12.3524575],[77.644342,12.3528632],[77.6444894,12.3531284],[77.6446545,12.3533143],[77.6448587,12.3536477],[77.6449552,12.3538178],[77.6450201,12.3539681],[77.6450807,12.3541648],[77.6450661,12.3541803],[77.6450684,12.3541874],[77.645134,12.3544109],[77.6454459,12.3548759],[77.6455223,12.3553922],[77.6455328,12.3561133],[77.6457284,12.3562887],[77.6457909,12.3563598],[77.6458547,12.3566444],[77.6460512,12.3569189],[77.6461661,12.3569817],[77.6463112,12.3569719],[77.6465691,12.3571168],[77.6467309,12.3573083],[77.646836,12.3575501],[77.6468752,12.357758],[77.6468982,12.3580402],[77.6470136,12.3582664],[77.6470256,12.3584673],[77.6470855,12.3585331],[77.6471182,12.3587915],[77.6472217,12.3590768],[77.6472788,12.3592233],[77.6473266,12.3593258],[77.647258,12.3594391]]}},{"type":"Feature","properties":{"kind":"path","highway":"unclassified"},"geometry":{"type":"LineString","coordinates":[[77.6428967,12.3382128],[77.6429357,12.33838],[77.6429431,12.3384727],[77.6429254,12.3386484],[77.6429094,12.3388221],[77.6429105,12.3389777],[77.6429373,12.3391209],[77.6430145,12.3393582],[77.6431155,12.3395604],[77.6431967,12.3397592],[77.6432987,12.3399886],[77.6433221,12.3400303],[77.6433758,12.3400779],[77.6433985,12.3402835],[77.6434192,12.3405829],[77.643395,12.3407579],[77.6433138,12.3409073],[77.643188,12.3410698],[77.6431605,12.341147],[77.643128,12.3412145],[77.643129,12.3413219],[77.6431703,12.3414317],[77.6433222,12.3416916],[77.6439494,12.3424549],[77.6441685,12.3427864],[77.6442164,12.3428539],[77.6442849,12.3430564],[77.6443271,12.3431408],[77.6443941,12.3431962],[77.6444983,12.3432317],[77.6445618,12.3432845],[77.6446021,12.3433594],[77.6446027,12.343469],[77.6445621,12.3435889],[77.6445511,12.3436942],[77.6445647,12.3437723],[77.6446017,12.3439014],[77.6446088,12.3440523],[77.6446049,12.3441225],[77.6446086,12.3441703],[77.644603,12.3442623],[77.644698,12.3443635],[77.6448132,12.3445161],[77.644955,12.3447263],[77.6451728,12.3448984],[77.6454428,12.3451963],[77.6456293,12.3453373],[77.6457486,12.3454917],[77.6458036,12.3457519],[77.6459359,12.3462222],[77.645958,12.3464546],[77.645974,12.346606],[77.6459988,12.3467396],[77.6460549,12.3468371],[77.6460819,12.3468769],[77.6461733,12.3469615],[77.6464749,12.3472076],[77.6465679,12.3472899],[77.6466398,12.3474831],[77.6466392,12.3475928],[77.6466208,12.3477707],[77.6466162,12.3478573],[77.6466204,12.3479692],[77.6466439,12.3480903],[77.6467028,12.3482348],[77.6467367,12.3484531],[77.6467415,12.3486607],[77.6468198,12.3490845],[77.6468977,12.3492933],[77.6469709,12.3495173],[77.6469781,12.3496166],[77.6470407,12.3498612],[77.6471465,12.3501528],[77.6472115,12.3502755],[77.6472806,12.3504454],[77.6473497,12.3506764],[77.6473813,12.3507816],[77.6474248,12.350868],[77.6474941,12.3509604],[77.6475523,12.3510231]]}},{"type":"Feature","properties":{"kind":"path","highway":"residential"},"geometry":{"type":"LineString","coordinates":[[77.6427532,12.3378581],[77.6428521,12.3377544],[77.6428754,12.33768],[77.6428902,12.3374919],[77.6429029,12.3374491],[77.6430212,12.337441],[77.6435568,12.3373958]]}},{"type":"Feature","properties":{"kind":"path","highway":"residential"},"geometry":{"type":"LineString","coordinates":[[77.6426344,12.3372977],[77.6427386,12.3372203],[77.6428656,12.3371748],[77.6428994,12.3370466],[77.6429312,12.3369061],[77.6429671,12.3368875],[77.6431385,12.3369309],[77.6435372,12.3369305]]}},{"type":"Feature","properties":{"kind":"path","highway":"unclassified"},"geometry":{"type":"LineString","coordinates":[[77.6430306,12.3063562],[77.6427795,12.3065791],[77.6426152,12.3067064],[77.6423944,12.3070605],[77.6424001,12.3074976],[77.6424907,12.3084713],[77.6424793,12.3088807],[77.6425643,12.3092182],[77.6425869,12.3099817],[77.6427058,12.3107452],[77.6425076,12.3110716],[77.642485,12.3112929],[77.6423491,12.3114533],[77.6421849,12.311907],[77.6422868,12.3125377],[77.6423604,12.3130411],[77.6423604,12.3133288],[77.6426435,12.3140425],[77.6429323,12.3150771],[77.6429663,12.3155584],[77.6430852,12.3156746],[77.6430626,12.3165376],[77.6432495,12.3173564],[77.6432098,12.3182416],[77.6429607,12.3188612],[77.6430796,12.319503],[77.643006,12.3202056],[77.642938,12.3207035],[77.642955,12.3215942],[77.642887,12.3218099],[77.6428587,12.3223078],[77.6426152,12.3226508],[77.6426889,12.3234641],[77.6426492,12.3236134],[77.6426435,12.3247531],[77.6427228,12.3250795],[77.6426096,12.3255829],[77.6425699,12.3262966],[77.6426152,12.3273809],[77.6423944,12.3276243],[77.6421339,12.3276243],[77.6420773,12.3277073],[77.6420716,12.3279839],[77.6422641,12.3282881],[77.6424963,12.3283158],[77.6426492,12.3284928],[77.6426775,12.3286311],[77.6428417,12.3287805],[77.6428417,12.3291511],[77.6431136,12.3290184],[77.6433514,12.3289962],[77.643425,12.3290848],[77.6430286,12.3295661],[77.6426945,12.3301027],[77.6425926,12.3305563],[77.6423774,12.330761],[77.641947,12.3313253],[77.6418564,12.3315908],[77.64146,12.3318951],[77.641058,12.3324925],[77.640588,12.3331287],[77.6403048,12.3335381],[77.6394965,12.3340397]]}},{"type":"Feature","properties":{"kind":"path","highway":"residential"},"geometry":{"type":"LineString","coordinates":[[77.6435372,12.3369305],[77.6438838,12.336918],[77.6445838,12.3364268],[77.6452592,12.3364172],[77.6460381,12.3360849],[77.6466345,12.3354107],[77.6463289,12.3350254],[77.6459937,12.335011],[77.6455034,12.3346546]]}},{"type":"Feature","properties":{"kind":"path","highway":"residential"},"geometry":{"type":"LineString","coordinates":[[77.6409481,12.3388585],[77.6407068,12.3388721],[77.6404307,12.3386843],[77.640273,12.3383665],[77.6401004,12.3382605],[77.6399279,12.337803],[77.6403469,12.3371144],[77.640973,12.3366232],[77.6411554,12.3365991]]}},{"type":"Feature","properties":{"kind":"path","highway":"unclassified"},"geometry":{"type":"LineString","coordinates":[[77.6399279,12.337803],[77.6395385,12.337779],[77.6388877,12.33749],[77.6385427,12.3374467],[77.6383603,12.337803],[77.6381187,12.3380101],[77.6378919,12.338145],[77.6377835,12.3382605],[77.6376011,12.3386314],[77.6367137,12.3394693],[77.6364377,12.3400376],[77.6363933,12.3403506],[77.6358116,12.3403747],[77.6356687,12.3404951],[77.6356144,12.341439],[77.6354025,12.3419061],[77.635294,12.3419735],[77.6348355,12.3424117],[77.6346531,12.3425466]]}},{"type":"Feature","properties":{"kind":"path","highway":"unclassified"},"geometry":{"type":"LineString","coordinates":[[77.6435435,12.3380071],[77.6437371,12.3380712],[77.6438417,12.3383522],[77.6440771,12.3383449],[77.6441742,12.3384398],[77.6444923,12.3396108],[77.6445889,12.3405019],[77.6449886,12.3410713],[77.6452016,12.3415421],[77.6451194,12.3423669]]}},{"type":"Feature","properties":{"kind":"path","highway":"path"},"geometry":{"type":"LineString","coordinates":[[77.6406538,12.3421429],[77.6413637,12.3420227],[77.6415484,12.3419114],[77.6423411,12.3419616],[77.6423468,12.3417609],[77.6426722,12.3416103],[77.6429166,12.3413576],[77.643128,12.3412145]]}},{"type":"Feature","properties":{"kind":"waterway","waterway":"stream"},"geometry":{"type":"LineString","coordinates":[[77.6441972,12.342757],[77.6442152,12.3426258],[77.644192,12.3425056],[77.6441442,12.3424565],[77.6440288,12.3423952],[77.6438902,12.3423195],[77.6438602,12.3421846],[77.6438052,12.3421082],[77.6438142,12.341859],[77.6437603,12.3415587],[77.6437735,12.3412693],[77.6437961,12.3411545],[77.6437624,12.3410456],[77.6437887,12.3409239],[77.6438697,12.3406982],[77.643985,12.3404496],[77.6440034,12.3403137],[77.6440756,12.340136],[77.6441513,12.3400211],[77.6442782,12.3399008],[77.6443985,12.3397336],[77.6444763,12.3396205],[77.6444923,12.3396108],[77.644553,12.3395743],[77.6446366,12.3395149],[77.6447553,12.3394382],[77.644852,12.3393054],[77.6449798,12.3391854],[77.6451346,12.3390781],[77.6452761,12.3389434],[77.6453486,12.3388727],[77.6454788,12.3387381],[77.6456548,12.338495],[77.6457844,12.3383483],[77.6459336,12.3382134],[77.6460482,12.3380788],[77.6461104,12.3379479],[77.6462155,12.3378372],[77.6462549,12.3377438],[77.6463346,12.3376936],[77.6463464,12.3376026],[77.6465102,12.3374336],[77.6465963,12.3372718],[77.6466622,12.3372189],[77.6467625,12.337078],[77.6467687,12.3368618],[77.6468108,12.3367425],[77.6468394,12.3366428],[77.6467873,12.3364897],[77.6467544,12.3363703],[77.6466904,12.3362027],[77.6464129,12.335929],[77.646311,12.335852]]}},{"type":"Feature","properties":{"kind":"path","name":"TVC H2 Road","highway":"unclassified"},"geometry":{"type":"LineString","coordinates":[[77.645958,12.3464546],[77.646132,12.3464621],[77.6463315,12.3464636],[77.6464087,12.3464696],[77.6466295,12.3464731],[77.6469336,12.3465109],[77.6471748,12.3465278],[77.6473244,12.3465335],[77.6474447,12.3465476],[77.6476457,12.346576],[77.6478459,12.3466203],[77.6480463,12.3466631],[77.6483771,12.3467211],[77.64852,12.3467569],[77.649164,12.3467945],[77.6494543,12.3466592],[77.6495878,12.3466056],[77.6498146,12.3465917],[77.6500528,12.3466132],[77.6502685,12.3466499]]}},{"type":"Feature","properties":{"kind":"building","building":"roof"},"geometry":{"type":"Polygon","coordinates":[[[77.6461835,12.3484296],[77.6463139,12.3484084],[77.64631,12.3483455],[77.646172,12.3483708],[77.6461835,12.3484296]]]}},{"type":"Feature","properties":{"kind":"path","name":"TVC H1 Road","highway":"unclassified"},"geometry":{"type":"LineString","coordinates":[[77.6466208,12.3477707],[77.6462792,12.3477986],[77.6459519,12.3479846],[77.6456595,12.3483984],[77.6455904,12.3485372],[77.6455677,12.3485828],[77.6454881,12.3486204],[77.6454342,12.3487272],[77.6453054,12.3488904],[77.6452899,12.3490109],[77.6451752,12.3491999],[77.6451626,12.3492776],[77.6450838,12.3497628],[77.6450837,12.3501483],[77.6450885,12.3501889],[77.6450923,12.3502217]]}},{"type":"Feature","properties":{"kind":"village","name":"Odhipuram"},"geometry":{"type":"Polygon","coordinates":[[[77.6410195,12.3522592],[77.6408269,12.3517543],[77.640064,12.3514492],[77.6393338,12.3500551],[77.6385249,12.3494463],[77.6376356,12.349919],[77.6377394,12.3508961],[77.6383409,12.3509793],[77.6390707,12.35258],[77.6395642,12.3527953],[77.64043,12.3526859],[77.6410195,12.3522592]]]}},{"type":"Feature","properties":{"kind":"path","highway":"track"},"geometry":{"type":"LineString","coordinates":[[77.6437093,12.3505246],[77.643727,12.3504939],[77.6438007,12.3503662],[77.6438926,12.3502915],[77.6441674,12.3503028],[77.6446665,12.3502098],[77.6450923,12.3502217],[77.6457772,12.3502149],[77.645967,12.3501416],[77.6461754,12.3500676],[77.6465145,12.3500158],[77.6468899,12.3501372],[77.6471465,12.3501528]]}},{"type":"Feature","properties":{"kind":"path","highway":"track"},"geometry":{"type":"LineString","coordinates":[[77.6475523,12.3510231],[77.6476787,12.3510304],[77.6477301,12.3510334],[77.64786,12.3512615],[77.6477514,12.3514369],[77.6477116,12.3519554],[77.6477588,12.352517],[77.6478895,12.352908],[77.6481105,12.3530307],[77.6481262,12.3530687],[77.6481373,12.3530956],[77.6484782,12.3534558],[77.6485227,12.3534864],[77.6488588,12.3534952],[77.6490896,12.3535069],[77.6490893,12.3535707],[77.6491482,12.3535954],[77.6492352,12.3537043],[77.6492673,12.353829],[77.6492196,12.3539375],[77.649172,12.3539846],[77.6491514,12.3540339],[77.6491054,12.3540546],[77.6490531,12.354135],[77.6490499,12.3542716],[77.6490382,12.3543814],[77.6490696,12.3544739],[77.6490929,12.3546085],[77.6490918,12.3547016],[77.649078,12.3547479],[77.6491291,12.3548258],[77.6491384,12.354877],[77.6491732,12.355022],[77.6491782,12.3551198]]}},{"type":"Feature","properties":{"kind":"path","name":"Sri Chikkamma Doddamma Devi Temple Path","highway":"path"},"geometry":{"type":"LineString","coordinates":[[77.6502685,12.3466499],[77.6503537,12.3466542],[77.6504666,12.3465797],[77.6505466,12.3465168],[77.6512709,12.3463442],[77.6513732,12.3462865],[77.6514346,12.3461665],[77.6516371,12.3461171],[77.6517316,12.3461785],[77.651729,12.3462508],[77.6518102,12.3462771],[77.6518612,12.3462347],[77.6520605,12.3461182],[77.6521811,12.3459757],[77.6523389,12.3457463],[77.6524915,12.3457528],[77.6525914,12.3457851],[77.6529617,12.3457778],[77.6530325,12.3458274],[77.6531591,12.3457771]]}},{"type":"Feature","properties":{"kind":"path","highway":"track"},"geometry":{"type":"LineString","coordinates":[[77.6452605,12.351233],[77.6452402,12.351416],[77.6451993,12.3514904],[77.6450376,12.3515336],[77.6449488,12.3515042],[77.6448647,12.3515368],[77.6448433,12.351635],[77.6448708,12.3517407],[77.6448233,12.351848],[77.6444681,12.351942],[77.6443609,12.351914],[77.6443034,12.3515317],[77.6441482,12.3515153],[77.6440989,12.3515141]]}},{"type":"Feature","properties":{"kind":"path","highway":"path"},"geometry":{"type":"LineString","coordinates":[[77.644191,12.3522086],[77.6442336,12.3522236],[77.6445405,12.3524402],[77.6448037,12.3524516],[77.6450785,12.3524369]]}},{"type":"Feature","properties":{"kind":"path","highway":"path"},"geometry":{"type":"LineString","coordinates":[[77.6452816,12.3517988],[77.6452964,12.3518544],[77.645294,12.3519489],[77.645405,12.3520224],[77.6454516,12.3521504],[77.6455513,12.352246]]}},{"type":"Feature","properties":{"kind":"path","highway":"track"},"geometry":{"type":"LineString","coordinates":[[77.6455513,12.352246],[77.6456602,12.3522289],[77.6458244,12.3521649],[77.6457998,12.3520408],[77.6458343,12.3518727],[77.64584,12.3517882],[77.6458893,12.3516771],[77.6458689,12.3515393],[77.6459647,12.3515665],[77.6461251,12.3516115],[77.6462392,12.3515351],[77.6462857,12.3514117],[77.6462647,12.3513118],[77.6463292,12.3510882]]}},{"type":"Feature","properties":{"kind":"path","highway":"track"},"geometry":{"type":"LineString","coordinates":[[77.6458689,12.3515393],[77.6458392,12.3513488],[77.6456111,12.3512227],[77.6452605,12.351233]]}},{"type":"Feature","properties":{"kind":"path","highway":"path"},"geometry":{"type":"LineString","coordinates":[[77.6462482,12.3529215],[77.6462748,12.3528382],[77.6463201,12.3526725],[77.6462643,12.352221],[77.6462632,12.3520478],[77.6462837,12.3516248],[77.6462392,12.3515351]]}},{"type":"Feature","properties":{"kind":"poi","name":"TVC Campground","tourism":"camp_site","cat":"camp_site"},"geometry":{"type":"Polygon","coordinates":[[[77.6459491,12.3532324],[77.6466833,12.3531271],[77.6466334,12.3525933],[77.64587,12.3527062],[77.6459491,12.3532324]]]}},{"type":"Feature","properties":{"kind":"path","highway":"path"},"geometry":{"type":"LineString","coordinates":[[77.6452964,12.3518544],[77.64584,12.3517882]]}},{"type":"Feature","properties":{"kind":"building","name":"TVC Mud Hut","building":"hut"},"geometry":{"type":"Polygon","coordinates":[[[77.6453673,12.3521365],[77.6454163,12.3521199],[77.645392,12.352038],[77.6453425,12.35205],[77.6453673,12.3521365]]]}},{"type":"Feature","properties":{"kind":"building","name":"TVC Workshop Shed","building":"shed"},"geometry":{"type":"Polygon","coordinates":[[[77.6456032,12.3524257],[77.6456737,12.3524198],[77.6456563,12.3523265],[77.6456235,12.3523312],[77.6455926,12.3523357],[77.6456032,12.3524257]]]}},{"type":"Feature","properties":{"kind":"poi","name":"TVC Camp Hall","amenity":"community_centre","building":"roof","cat":"community_centre"},"geometry":{"type":"Polygon","coordinates":[[[77.6463447,12.3527916],[77.6464132,12.3527857],[77.6464204,12.3528886],[77.6463505,12.352894],[77.6463447,12.3527916]]]}},{"type":"Feature","properties":{"kind":"building","building":"house"},"geometry":{"type":"Polygon","coordinates":[[[77.6460545,12.346669],[77.6460986,12.3466687],[77.6460972,12.3465215],[77.6460492,12.3465209],[77.6460545,12.346669]]]}},{"type":"Feature","properties":{"kind":"infra"},"geometry":{"type":"LineString","coordinates":[[77.6462013,12.3465923],[77.6463855,12.3466047],[77.6463961,12.3465571],[77.6462069,12.346543],[77.6462013,12.3465923]]}},{"type":"Feature","properties":{"kind":"village","name":"Thaggatti"},"geometry":{"type":"Polygon","coordinates":[[[77.6413043,12.3386526],[77.6413939,12.3368729],[77.6417961,12.3362222],[77.643174,12.3356098],[77.6446423,12.3342109],[77.646661,12.334631],[77.6471594,12.3355223],[77.6462955,12.3366811],[77.6446683,12.3372206],[77.6444422,12.3382348],[77.6435891,12.3389948],[77.6423306,12.3391255],[77.6413043,12.3386526]]]}},{"type":"Feature","properties":{"kind":"path","name":"H1A Cross","highway":"unclassified"},"geometry":{"type":"LineString","coordinates":[[77.6456595,12.3483984],[77.6448004,12.3484213]]}},{"type":"Feature","properties":{"kind":"building","building":"cowshed"},"geometry":{"type":"Polygon","coordinates":[[[77.6461719,12.3510663],[77.6462876,12.3510581],[77.6462985,12.3509537],[77.6461733,12.3509537],[77.6461719,12.3510663]]]}},{"type":"Feature","properties":{"kind":"building","building":"house"},"geometry":{"type":"Polygon","coordinates":[[[77.6464294,12.351134],[77.6465726,12.3510923],[77.6465656,12.3510553],[77.6464216,12.3510979],[77.6464294,12.351134]]]}},{"type":"Feature","properties":{"kind":"poi","name":"TVC Camp Kitchen","amenity":"kitchen","building":"yes","cat":"kitchen"},"geometry":{"type":"Polygon","coordinates":[[[77.64635,12.3527569],[77.6464139,12.3527504],[77.64641,12.3526555],[77.6463445,12.3526612],[77.64635,12.3527569]]]}},{"type":"Feature","properties":{"kind":"water","water":"pond","intermittent":"yes"},"geometry":{"type":"Polygon","coordinates":[[[77.647066,12.3475528],[77.647007,12.3472521],[77.6470167,12.3471968],[77.6470345,12.347096],[77.647048,12.3470141],[77.6471983,12.3470198],[77.6473956,12.3472006],[77.6474036,12.3473889],[77.6474239,12.3473891],[77.6474464,12.3473894],[77.6474413,12.347214],[77.6478273,12.3471619],[77.648022,12.3473194],[77.6480715,12.3473405],[77.6483423,12.3473951],[77.6483795,12.347455],[77.6484391,12.3474831],[77.648464,12.347519],[77.6484711,12.3476034],[77.6483953,12.3476615],[77.6483107,12.3477264],[77.6481942,12.3476264],[77.6481148,12.347598],[77.6480231,12.34758],[77.6479972,12.3475766],[77.6479744,12.3476],[77.6480208,12.3476301],[77.6481661,12.3476756],[77.6482877,12.3477664],[77.648224,12.3478848],[77.6481958,12.3479375],[77.6480761,12.3478789],[77.6478905,12.3477733],[77.6477066,12.3476498],[77.6476341,12.3476023],[77.6473639,12.3475855],[77.647242,12.3475957],[77.647066,12.3475528]]]}},{"type":"Feature","properties":{"kind":"path","highway":"track"},"geometry":{"type":"LineString","coordinates":[[77.6450923,12.3502217],[77.6450966,12.3504699],[77.6452005,12.3506367],[77.6452518,12.3506833],[77.645248,12.3507504],[77.6452055,12.3508168],[77.6452036,12.3508591],[77.6452023,12.350876],[77.6452339,12.3510708],[77.6452605,12.351233]]}},{"type":"Feature","properties":{"kind":"path","highway":"path"},"geometry":{"type":"LineString","coordinates":[[77.6530325,12.3458274],[77.6529115,12.3461259],[77.6528311,12.3462208],[77.6528876,12.3466061],[77.6528117,12.3468441],[77.6528045,12.3470808],[77.6527672,12.3471328],[77.6525227,12.3470947],[77.6523784,12.3473198]]}},{"type":"Feature","properties":{"kind":"path","highway":"path"},"geometry":{"type":"LineString","coordinates":[[77.6531591,12.3457771],[77.6533746,12.3459151],[77.653504,12.3460495],[77.6535804,12.3462144],[77.6536048,12.3464922]]}},{"type":"Feature","properties":{"kind":"water","water":"basin","intermittent":"yes"},"geometry":{"type":"Polygon","coordinates":[[[77.6455839,12.3522286],[77.6456666,12.3522103],[77.6457015,12.3522025],[77.6458,12.3521437],[77.6457743,12.3520365],[77.645816,12.3518953],[77.6458256,12.3518103],[77.6454067,12.3518622],[77.6454321,12.3519293],[77.6454843,12.3519863],[77.6455346,12.3520684],[77.6455839,12.3522286]]]}},{"type":"Feature","properties":{"kind":"water","name":"Elvin Kere","water":"pond","intermittent":"yes"},"geometry":{"type":"Polygon","coordinates":[[[77.6448119,12.3524641],[77.6451001,12.35245],[77.6451607,12.3524468],[77.6451422,12.3525893],[77.6451485,12.3527914],[77.6453856,12.3528066],[77.6453847,12.3528282],[77.6453797,12.3529525],[77.6452951,12.3529929],[77.6452746,12.3530004],[77.6452509,12.3529986],[77.6452283,12.3529515],[77.6450549,12.352947],[77.6449498,12.3528977],[77.6448654,12.352835],[77.6448392,12.352835],[77.6448119,12.3524641]]]}},{"type":"Feature","properties":{"kind":"building","building":"house"},"geometry":{"type":"Polygon","coordinates":[[[77.645725,12.3497222],[77.6457704,12.3497083],[77.6457232,12.3495688],[77.6456745,12.3495824],[77.645725,12.3497222]]]}},{"type":"Feature","properties":{"kind":"building","building":"roof"},"geometry":{"type":"Polygon","coordinates":[[[77.6452384,12.3493658],[77.6452951,12.3493554],[77.6452874,12.3493062],[77.6452342,12.3493071],[77.6452384,12.3493658]]]}},{"type":"Feature","properties":{"kind":"path","highway":"path"},"geometry":{"type":"LineString","coordinates":[[77.6451626,12.3492776],[77.6452176,12.3492659],[77.6452565,12.3492577],[77.6453753,12.3493175],[77.6457294,12.3494148],[77.6457446,12.3495312]]}},{"type":"Feature","properties":{"kind":"water","water":"pond","intermittent":"yes"},"geometry":{"type":"Polygon","coordinates":[[[77.6451366,12.3479901],[77.6451003,12.3478394],[77.6450297,12.3477272],[77.6449654,12.3476402],[77.6448807,12.3476682],[77.6447602,12.3477833],[77.6447373,12.3477918],[77.6446936,12.3478043],[77.6447209,12.34784],[77.6447459,12.3479178],[77.6448083,12.3480072],[77.6449305,12.3480984],[77.6450016,12.3481405],[77.6450719,12.3481284],[77.6451309,12.3481185],[77.6451759,12.3481054],[77.6451366,12.3479901]]]}},{"type":"Feature","properties":{"kind":"path","name":"H1B Cross","highway":"track"},"geometry":{"type":"LineString","coordinates":[[77.6455904,12.3485372],[77.6456844,12.3485263],[77.6457865,12.3485146],[77.6458839,12.3485034],[77.6459752,12.3484911],[77.6460942,12.3484739],[77.6463762,12.3484228]]}},{"type":"Feature","properties":{"kind":"path","name":"H2 Cross","highway":"path"},"geometry":{"type":"LineString","coordinates":[[77.6473244,12.3465335],[77.6473297,12.3467103],[77.6478921,12.3468555],[77.6482434,12.3469139]]}},{"type":"Feature","properties":{"kind":"path","highway":"path"},"geometry":{"type":"LineString","coordinates":[[77.646132,12.3464621],[77.6464682,12.3465655],[77.6469393,12.3466169],[77.6470687,12.3466257],[77.6473297,12.3467103]]}},{"type":"Feature","properties":{"kind":"nursery"},"geometry":{"type":"Polygon","coordinates":[[[77.6453398,12.3524811],[77.6454289,12.3524458],[77.6455079,12.3523585],[77.6455212,12.3522591],[77.6453286,12.3522308],[77.6453398,12.3524811]]]}},{"type":"Feature","properties":{"kind":"nursery"},"geometry":{"type":"Polygon","coordinates":[[[77.645574,12.3523424],[77.6455414,12.3524188],[77.6454637,12.3525057],[77.6453407,12.3525394],[77.645352,12.3527635],[77.6455012,12.3527288],[77.6456246,12.3526934],[77.645574,12.3523424]]]}},{"type":"Feature","properties":{"kind":"nursery"},"geometry":{"type":"Polygon","coordinates":[[[77.6443402,12.3515081],[77.6443972,12.3518815],[77.6444588,12.3519076],[77.6448039,12.3518237],[77.6448393,12.3517491],[77.6448106,12.3516191],[77.6448405,12.3515245],[77.6449548,12.3514754],[77.6449487,12.3513745],[77.6445694,12.3514066],[77.6443402,12.3515081]]]}},{"type":"Feature","properties":{"kind":"waterway","waterway":"stream","intermittent":"yes"},"geometry":{"type":"LineString","coordinates":[[77.6492328,12.352884],[77.6489473,12.3530224],[77.6487556,12.3531706],[77.6484985,12.3531833],[77.6483642,12.3531044],[77.6481262,12.3530687],[77.648081,12.3530619],[77.647992,12.3530707],[77.647886,12.3532568],[77.6474422,12.3531018],[77.6471578,12.3531113],[77.6468985,12.3531552],[77.6464861,12.35327],[77.6462335,12.3533404],[77.6461874,12.3533307],[77.6460217,12.3532957],[77.6456781,12.3531468],[77.6456018,12.3531137],[77.6455486,12.3529555],[77.6454958,12.3529035]]}},{"type":"Feature","properties":{"kind":"waterway","waterway":"stream","intermittent":"yes"},"geometry":{"type":"LineString","coordinates":[[77.6488317,12.353968],[77.6485792,12.3538294],[77.648545,12.3539901],[77.6483538,12.353934],[77.6482854,12.3540493],[77.6482049,12.3542319],[77.6481863,12.3544888],[77.6479265,12.3546179],[77.6477521,12.3545376],[77.6474338,12.3544144],[77.6472199,12.3540825],[77.6468888,12.3537904],[77.6467245,12.3538692],[77.6463245,12.3537895],[77.6462335,12.3533404]]}},{"type":"Feature","properties":{"kind":"waterway","waterway":"stream","intermittent":"yes"},"geometry":{"type":"LineString","coordinates":[[77.6448834,12.3514924],[77.6448441,12.3513631],[77.6448112,12.351255],[77.644859,12.3511631],[77.6449126,12.350975],[77.6449107,12.3507677],[77.644862,12.3505969],[77.6447092,12.3505024],[77.6445333,12.3505116],[77.6443658,12.3503807],[77.6443721,12.3503098]]}},{"type":"Feature","properties":{"kind":"leisure"},"geometry":{"type":"Polygon","coordinates":[[[77.6464337,12.3511661],[77.6465916,12.351121],[77.6466192,12.3512426],[77.6464598,12.3512888],[77.6464337,12.3511661]]]}},{"type":"Feature","properties":{"kind":"waterway","waterway":"stream","intermittent":"yes"},"geometry":{"type":"LineString","coordinates":[[77.6443803,12.3502179],[77.6443983,12.3500168],[77.6441175,12.3493083],[77.6441914,12.3488969],[77.644255,12.3484187],[77.6442694,12.3480637],[77.6442827,12.3479848],[77.6440593,12.3480433],[77.643927,12.3478236],[77.6437917,12.3477247],[77.6436813,12.3475942],[77.6438204,12.3473736],[77.643926,12.3472986],[77.6439747,12.3472009],[77.6440397,12.3471405],[77.6441293,12.3471037],[77.6441974,12.3470163],[77.6442463,12.3468892],[77.6443953,12.3467709],[77.6444593,12.3462599],[77.6442817,12.34618],[77.6442695,12.3460607],[77.6443438,12.3459613],[77.6442026,12.3454167],[77.6443456,12.3449547],[77.6444624,12.3447937],[77.6444399,12.3444455],[77.6445512,12.344203],[77.6446049,12.3441225],[77.6446571,12.3440378],[77.6446444,12.3438886],[77.6445963,12.3437694],[77.6445799,12.3436882],[77.6445883,12.3435996],[77.6446245,12.3435342],[77.6446253,12.34346],[77.6446204,12.3433549],[77.6445794,12.3432738],[77.6445051,12.3432164],[77.6444053,12.3431807],[77.6443358,12.3431289],[77.6442942,12.3430506],[77.6442291,12.342848],[77.6441972,12.342757]]}},{"type":"Feature","properties":{"kind":"path","highway":"track"},"geometry":{"type":"LineString","coordinates":[[77.645121,12.3524356],[77.6451706,12.3524373],[77.6453297,12.352512],[77.6454465,12.3524735],[77.645531,12.3523635],[77.6455513,12.352246]]}},{"type":"Feature","properties":{"kind":"path","highway":"track"},"geometry":{"type":"LineString","coordinates":[[77.6450785,12.3524369],[77.6450999,12.3524368],[77.645121,12.3524356]]}},{"type":"Feature","properties":{"kind":"waterway","waterway":"stream","intermittent":"yes"},"geometry":{"type":"LineString","coordinates":[[77.6451001,12.35245],[77.6450999,12.3524368],[77.6451544,12.352227],[77.6449938,12.3517751],[77.6449085,12.3515544]]}},{"type":"Feature","properties":{"kind":"waterway","waterway":"stream","intermittent":"yes"},"geometry":{"type":"LineString","coordinates":[[77.6449085,12.3515544],[77.6448834,12.3514924]]}},{"type":"Feature","properties":{"kind":"reserve","name":"Tamarind Valley Collective"},"geometry":{"type":"Polygon","coordinates":[[[77.6479038,12.3452991],[77.6478635,12.3452412],[77.6478649,12.3451812],[77.6478722,12.3448764],[77.6481164,12.3448689],[77.6481289,12.3446869],[77.6482025,12.344698],[77.6482383,12.3445001],[77.6485497,12.3445149],[77.6485097,12.3447074],[77.6486029,12.3447272],[77.6484399,12.3452856],[77.6486756,12.3453701],[77.6487982,12.3454681],[77.6490957,12.3455732],[77.6492409,12.3455662],[77.6495842,12.3456823],[77.6502759,12.3456135],[77.6504553,12.3454409],[77.6504331,12.3453499],[77.6504632,12.3452382],[77.6504693,12.3450618],[77.6504848,12.3449245],[77.6503875,12.3448338],[77.6505792,12.3446434],[77.6508605,12.3445527],[77.6510871,12.3447226],[77.6509188,12.3454375],[77.6507715,12.3456424],[77.6505255,12.3456764],[77.6501966,12.3465924],[77.6503735,12.3466885],[77.6506304,12.3466522],[77.6508625,12.3466471],[77.6508868,12.346772],[77.6508863,12.3468433],[77.6508917,12.347006],[77.6508528,12.3471163],[77.6506413,12.3473444],[77.650341,12.3473916],[77.6502471,12.3472845],[77.6503117,12.3470988],[77.6503011,12.3470809],[77.6502999,12.3470497],[77.6503145,12.3470088],[77.650331,12.3468618],[77.6503669,12.3467021],[77.6501048,12.3466745],[77.6500914,12.3467059],[77.6499381,12.3471217],[77.6493225,12.347264],[77.6493383,12.3474816],[77.6494055,12.3479077],[77.6490809,12.3482791],[77.6489131,12.3483398],[77.648732,12.3482832],[77.6487499,12.3484424],[77.6489386,12.3486606],[77.6490691,12.3490468],[77.6486497,12.349108],[77.6485203,12.3494172],[77.6485656,12.3496167],[77.6485859,12.3497949],[77.6489141,12.3499738],[77.6488175,12.3503475],[77.64852,12.350194],[77.6486097,12.3503453],[77.6485155,12.3508391],[77.648312,12.3508077],[77.6485298,12.3516303],[77.6485104,12.3521615],[77.6484808,12.3523259],[77.6481328,12.3524048],[77.6477663,12.352347],[77.6476896,12.3523369],[77.6477639,12.3526249],[77.6478386,12.3525954],[77.648111,12.3525047],[77.6483659,12.3525045],[77.648529,12.3525048],[77.6487931,12.3525039],[77.648877,12.3527006],[77.6492306,12.3534964],[77.6490416,12.3535505],[77.6488053,12.353569],[77.648816,12.3536905],[77.648885,12.3538416],[77.6482316,12.3540083],[77.6480701,12.3540507],[77.6480067,12.3538478],[77.6479042,12.353628],[77.6477605,12.3536483],[77.6478682,12.3538595],[77.647971,12.3541417],[77.6480519,12.3544299],[77.647924,12.3545063],[77.6477671,12.3545058],[77.6474922,12.3543747],[77.6473644,12.3540938],[77.6471713,12.3537701],[77.6469087,12.3537522],[77.646553,12.3537879],[77.6463767,12.353696],[77.6462232,12.3536927],[77.6461154,12.353739],[77.6460724,12.3539707],[77.6461164,12.3539823],[77.6461847,12.3539657],[77.646228,12.3542646],[77.6462332,12.3545022],[77.6458823,12.3546053],[77.6454158,12.3546621],[77.6453726,12.3548261],[77.6454049,12.354949],[77.6454369,12.3550397],[77.645495,12.3553089],[77.6454989,12.3559526],[77.6454713,12.3562037],[77.6453584,12.3561851],[77.6449498,12.3560515],[77.6449473,12.3560054],[77.6450443,12.3558166],[77.6450655,12.3557031],[77.6450835,12.3556413],[77.6450955,12.3555796],[77.6450903,12.3554947],[77.645096,12.3554202],[77.6451134,12.355324],[77.6451351,12.3552332],[77.6451625,12.3551481],[77.6451672,12.3550538],[77.6451046,12.3548614],[77.645081,12.3547034],[77.6450425,12.3545016],[77.6450115,12.3544007],[77.6450137,12.3543427],[77.6451758,12.3542779],[77.645095,12.3539994],[77.6447277,12.3533667],[77.6446458,12.3532509],[77.6445371,12.3531454],[77.6444212,12.3529311],[77.6443378,12.3526984],[77.6442875,12.3525474],[77.6442406,12.3524084],[77.6442256,12.3522641],[77.644218,12.3521407],[77.6442136,12.3520583],[77.6441833,12.3518092],[77.6441338,12.3514829],[77.6441175,12.3514524],[77.6445136,12.3513894],[77.6447974,12.3513431],[77.6451524,12.351312],[77.6451018,12.3508424],[77.6451366,12.3508405],[77.6455317,12.3508242],[77.6457584,12.3509141],[77.6466226,12.3509349],[77.6466625,12.3510777],[77.6470152,12.3509987],[77.647125,12.351015],[77.6470585,12.3507745],[77.6469318,12.3501687],[77.6470666,12.3501716],[77.6469384,12.3496476],[77.6469137,12.3495257],[77.646886,12.3493974],[77.6468759,12.3493559],[77.6466932,12.3486129],[77.6462367,12.3486728],[77.6462442,12.3491479],[77.6464749,12.3491415],[77.6464924,12.3494436],[77.6466447,12.3494359],[77.6466154,12.3494794],[77.6465885,12.3496104],[77.6465725,12.3496585],[77.6465805,12.3496967],[77.6462389,12.3496902],[77.6459765,12.3497163],[77.6457112,12.3497277],[77.6454591,12.3497461],[77.6452608,12.3497473],[77.6450417,12.3497604],[77.6449805,12.3492656],[77.6448102,12.3492768],[77.6448124,12.3492179],[77.6447802,12.3490352],[77.6448543,12.3490331],[77.6448536,12.3486497],[77.6445188,12.3486881],[77.644469,12.3486383],[77.6444844,12.3485408],[77.6444964,12.348495],[77.6445781,12.3483834],[77.6447855,12.3482922],[77.6448006,12.3482621],[77.6445615,12.3478214],[77.6444958,12.3474337],[77.6446339,12.3470807],[77.6448628,12.3466976],[77.6449015,12.3462563],[77.6457051,12.3466998],[77.6459805,12.346947],[77.6460847,12.3468154],[77.6460153,12.346683],[77.6459875,12.3464899],[77.6470014,12.3465626],[77.6472806,12.3465791],[77.6475148,12.3466068],[77.6483741,12.3467692],[77.6486142,12.3465739],[77.6484498,12.3464903],[77.648337,12.3463779],[77.6483152,12.3460291],[77.6480453,12.3456625],[77.6479038,12.3452991]]]}},{"type":"Feature","properties":{"kind":"path","highway":"path"},"geometry":{"type":"LineString","coordinates":[[77.6463292,12.3510882],[77.6463686,12.3510206],[77.6463752,12.3509472],[77.6457797,12.3509484],[77.6455233,12.3508702],[77.6452023,12.350876]]}},{"type":"Feature","properties":{"kind":"nursery"},"geometry":{"type":"Polygon","coordinates":[[[77.6463358,12.3526039],[77.646401,12.3525963],[77.6463591,12.3522411],[77.6462934,12.3522537],[77.6463358,12.3526039]]]}},{"type":"Feature","properties":{"kind":"path","highway":"path"},"geometry":{"type":"LineString","coordinates":[[77.6463292,12.3510882],[77.6466359,12.3509487],[77.6466341,12.3509357],[77.6465145,12.3500158]]}},{"type":"Feature","properties":{"kind":"waterway","waterway":"stream","intermittent":"yes"},"geometry":{"type":"LineString","coordinates":[[77.6456888,12.3482076],[77.6455455,12.3479992],[77.6453698,12.3478083],[77.6453212,12.3477199],[77.6451632,12.3476747],[77.6451175,12.3475739],[77.6450281,12.347561],[77.6449808,12.3475547]]}},{"type":"Feature","properties":{"kind":"path","highway":"track"},"geometry":{"type":"LineString","coordinates":[[77.6450661,12.3541803],[77.6450553,12.3542035],[77.6449935,12.3543496],[77.6449933,12.354409],[77.6450274,12.3545049],[77.6450855,12.3548637],[77.6451497,12.3550518],[77.645146,12.3551374],[77.6451146,12.3552327],[77.645077,12.3554239],[77.6450704,12.3554985],[77.645078,12.3555672],[77.6450617,12.3556579],[77.6450436,12.3557062],[77.6450253,12.3558157],[77.6449285,12.3560031],[77.6449474,12.3560929],[77.6449376,12.3563881],[77.6449646,12.3564735],[77.6448233,12.3568349],[77.6448255,12.3569572],[77.6449371,12.3572222],[77.6449371,12.3572794],[77.6449733,12.3573767],[77.6449796,12.3575378],[77.6450414,12.3576913],[77.6450391,12.3577919],[77.6450628,12.3578339],[77.6450435,12.3578967],[77.645015,12.3580296],[77.6449428,12.3581967],[77.6449498,12.3582861],[77.6449406,12.3583655]]}},{"type":"Feature","properties":{"kind":"waterway","waterway":"stream","intermittent":"yes"},"geometry":{"type":"LineString","coordinates":[[77.6470345,12.347096],[77.6468216,12.3468531],[77.6463878,12.346747],[77.6461307,12.3468261],[77.6460549,12.3468371],[77.6459857,12.3468471],[77.6458358,12.3467246],[77.6457172,12.3463585],[77.6452168,12.3462655],[77.6450112,12.3462201],[77.6446283,12.3462382],[77.6444593,12.3462599]]}},{"type":"Feature","properties":{"kind":"waterway","waterway":"stream","intermittent":"yes"},"geometry":{"type":"LineString","coordinates":[[77.6494938,12.3477612],[77.6489871,12.3478211],[77.6485213,12.3477098],[77.6483953,12.3476615]]}},{"type":"Feature","properties":{"kind":"waterway","waterway":"stream","intermittent":"yes"},"geometry":{"type":"LineString","coordinates":[[77.6492273,12.349131],[77.6490938,12.3487725],[77.6489824,12.348547],[77.6487893,12.3483848],[77.6485293,12.3482388],[77.6484071,12.3480739],[77.648224,12.3478848]]}},{"type":"Feature","properties":{"kind":"water","water":"pond","intermittent":"yes"},"geometry":{"type":"Polygon","coordinates":[[[77.6479407,12.3456664],[77.6478357,12.3454822],[77.6477604,12.3452778],[77.6480861,12.3452995],[77.648071,12.3453578],[77.648067,12.3453733],[77.6480611,12.3454229],[77.6480649,12.3454776],[77.6480824,12.3455293],[77.6479724,12.3456358],[77.6479407,12.3456664]]]}},{"type":"Feature","properties":{"kind":"waterway","waterway":"stream","intermittent":"yes"},"geometry":{"type":"LineString","coordinates":[[77.6489048,12.3467135],[77.6484528,12.3465815],[77.6483092,12.3464284],[77.6482543,12.3460646],[77.648072,12.3457663],[77.6479724,12.3456358]]}},{"type":"Feature","properties":{"kind":"waterway","waterway":"drain"},"geometry":{"type":"LineString","coordinates":[[77.6499233,12.3457179],[77.649849,12.3456018],[77.6497678,12.3455709],[77.649436,12.3456744],[77.6490389,12.3455433],[77.6488078,12.3454505],[77.6487014,12.3454523],[77.6484894,12.3453749],[77.6484053,12.3454158],[77.648071,12.3453578]]}},{"type":"Feature","properties":{"kind":"embankment","man_made":"dyke"},"geometry":{"type":"LineString","coordinates":[[77.6481048,12.3452442],[77.6477577,12.3452383]]}},{"type":"Feature","properties":{"kind":"waterway","waterway":"stream","intermittent":"yes"},"geometry":{"type":"LineString","coordinates":[[77.6443721,12.3503098],[77.6443803,12.3502179]]}},{"type":"Feature","properties":{"kind":"waterway","waterway":"stream","intermittent":"yes"},"geometry":{"type":"LineString","coordinates":[[77.6485845,12.3494962],[77.6483188,12.3496006],[77.6481754,12.349657],[77.6481188,12.3494861],[77.647787,12.349463],[77.6477123,12.3494599],[77.6476366,12.3494792],[77.6472835,12.3494909],[77.6470564,12.3495332],[77.6469937,12.3495242]]}},{"type":"Feature","properties":{"kind":"waterway","waterway":"stream","intermittent":"yes"},"geometry":{"type":"LineString","coordinates":[[77.648529,12.3508899],[77.6484135,12.3506582],[77.6483452,12.3506732],[77.6481606,12.3507777],[77.6479764,12.3508353],[77.6478894,12.3508794],[77.6477656,12.3509237],[77.6477034,12.351004],[77.6476787,12.3510304],[77.6476488,12.3510624],[77.6475799,12.3510947],[77.6474701,12.3510659],[77.6473689,12.3510806],[77.6472933,12.3510789],[77.6471571,12.3511355],[77.6471271,12.3511791],[77.6470409,12.3511797],[77.646991,12.3512004],[77.6468289,12.3511978],[77.6467061,12.3512122],[77.6466312,12.3512844],[77.6465225,12.3513444],[77.6464085,12.3514136],[77.6463246,12.3514347]]}},{"type":"Feature","properties":{"kind":"waterway","waterway":"stream","intermittent":"yes"},"geometry":{"type":"LineString","coordinates":[[77.6452116,12.3513829],[77.6451956,12.3513797],[77.6450793,12.3513542],[77.6448441,12.3513631]]}},{"type":"Feature","properties":{"kind":"waterway","waterway":"stream","intermittent":"yes"},"geometry":{"type":"LineString","coordinates":[[77.6452658,12.3513937],[77.6452116,12.3513829]]}},{"type":"Feature","properties":{"kind":"waterway","waterway":"stream","intermittent":"yes"},"geometry":{"type":"LineString","coordinates":[[77.6458306,12.3514826],[77.6456708,12.3514465],[77.6455736,12.3514347],[77.6453759,12.3514225],[77.6452658,12.3513937]]}},{"type":"Feature","properties":{"kind":"waterway","waterway":"stream","intermittent":"yes"},"geometry":{"type":"LineString","coordinates":[[77.6458867,12.3514969],[77.6458306,12.3514826]]}},{"type":"Feature","properties":{"kind":"waterway","waterway":"stream","intermittent":"yes"},"geometry":{"type":"LineString","coordinates":[[77.6462302,12.351461],[77.6462143,12.3514654],[77.6461771,12.3515124],[77.6461151,12.3515597],[77.6460563,12.3515396],[77.6458867,12.3514969]]}},{"type":"Feature","properties":{"kind":"waterway","waterway":"stream","intermittent":"yes"},"geometry":{"type":"LineString","coordinates":[[77.6463246,12.3514347],[77.6462302,12.351461]]}},{"type":"Feature","properties":{"kind":"water","water":"pond","intermittent":"no"},"geometry":{"type":"Polygon","coordinates":[[[77.6371206,12.3528687],[77.6372572,12.3528074],[77.6373807,12.352752],[77.637578,12.3529262],[77.6380057,12.3529342],[77.6383938,12.353449],[77.6384792,12.3538468],[77.6386171,12.3539049],[77.6389762,12.3543475],[77.6389199,12.354468],[77.6390319,12.3546369],[77.6391055,12.3549205],[77.6390911,12.3552557],[77.6389712,12.3547814],[77.6389357,12.3546112],[77.6387958,12.3545656],[77.6386041,12.3543517],[77.6383797,12.3542769],[77.6383105,12.3541657],[77.6383067,12.353914],[77.6382403,12.3536762],[77.6379947,12.3532703],[77.6378935,12.3532168],[77.637592,12.3532634],[77.6375757,12.3534336],[77.6374565,12.3533923],[77.637273,12.3531647],[77.6371206,12.3528687]]]}},{"type":"Feature","properties":{"kind":"embankment","man_made":"dyke"},"geometry":{"type":"LineString","coordinates":[[77.6371206,12.3528687],[77.6372572,12.3528074],[77.6373807,12.352752]]}},{"type":"Feature","properties":{"kind":"waterway","waterway":"stream"},"geometry":{"type":"LineString","coordinates":[[77.6372572,12.3528074],[77.6371225,12.3524682],[77.6369094,12.3523388],[77.6366955,12.3521726],[77.6365645,12.3519348],[77.6364545,12.3517556],[77.636348,12.3516308]]}},{"type":"Feature","properties":{"kind":"path","highway":"residential"},"geometry":{"type":"LineString","coordinates":[[77.6352156,12.3502084],[77.6355296,12.3503009],[77.6356861,12.3503664],[77.6361489,12.3506546],[77.6363756,12.3507249],[77.6365351,12.3507094],[77.6366627,12.350459],[77.6368317,12.3503536],[77.6373851,12.3503519],[77.6379039,12.3505009]]}},{"type":"Feature","properties":{"kind":"waterway","waterway":"stream"},"geometry":{"type":"LineString","coordinates":[[77.6367252,12.3504464],[77.6367874,12.3503292]]}},{"type":"Feature","properties":{"kind":"waterway","waterway":"stream"},"geometry":{"type":"LineString","coordinates":[[77.6367874,12.3503292],[77.6370144,12.3498089],[77.637073,12.3495456],[77.6369426,12.3494377],[77.6368681,12.3490607],[77.637083,12.3485109],[77.6377335,12.3475451],[77.6382279,12.3471003],[77.6383146,12.3470721],[77.6384286,12.346983],[77.6384375,12.3469781]]}},{"type":"Feature","properties":{"kind":"waterway","waterway":"stream"},"geometry":{"type":"LineString","coordinates":[[77.6384375,12.3469781],[77.6385579,12.346912]]}},{"type":"Feature","properties":{"kind":"waterway","waterway":"stream"},"geometry":{"type":"LineString","coordinates":[[77.6426806,12.3614385],[77.6429035,12.361061],[77.643195,12.3608645],[77.6434082,12.3606237],[77.6435233,12.36036],[77.6434048,12.3603167],[77.6433066,12.3601429],[77.6431697,12.3598419],[77.6430282,12.3596221],[77.6429345,12.3594786],[77.6427762,12.3592239],[77.6427037,12.3591613],[77.6426447,12.3589318],[77.6424477,12.3588882],[77.6422373,12.3585798],[77.6418505,12.3580852],[77.6417194,12.3580608],[77.6416744,12.3580102],[77.6413692,12.3578818],[77.6412242,12.3579671],[77.6411077,12.3580874],[77.6409476,12.3581232],[77.6407451,12.3580503],[77.6406394,12.3579248],[77.6405197,12.3575564],[77.6401998,12.3575786],[77.6399617,12.3574031],[77.6399635,12.3572464],[77.640081,12.3570351],[77.6401278,12.3568833],[77.6403123,12.3568345],[77.6403331,12.3564901],[77.6403173,12.3562815],[77.640238,12.3561188],[77.6399901,12.3559805],[77.6398008,12.3559467],[77.6396177,12.3559632],[77.639442,12.3559264],[77.6393188,12.3558061],[77.6392974,12.3555774],[77.6392974,12.3554482],[77.6392856,12.3553532],[77.6392799,12.3553514]]}},{"type":"Feature","properties":{"kind":"waterway","waterway":"stream"},"geometry":{"type":"LineString","coordinates":[[77.6391733,12.3553199],[77.6391622,12.3553166],[77.6390911,12.3552557]]}},{"type":"Feature","properties":{"kind":"waterway","waterway":"stream"},"geometry":{"type":"LineString","coordinates":[[77.6392799,12.3553514],[77.6391733,12.3553199]]}},{"type":"Feature","properties":{"kind":"water","water":"pond"},"geometry":{"type":"Polygon","coordinates":[[[77.6411612,12.351667],[77.6412311,12.3519034],[77.6413955,12.3519353],[77.6414162,12.3517836],[77.6413521,12.3516876],[77.6411612,12.351667]]]}},{"type":"Feature","properties":{"kind":"water","water":"basin","intermittent":"yes"},"geometry":{"type":"Polygon","coordinates":[[[77.6412703,12.3451192],[77.6411004,12.3453235],[77.641041,12.3456073],[77.6410467,12.3459279],[77.6411512,12.3462653],[77.6413482,12.3463628],[77.6415783,12.3463753],[77.6418191,12.3465329],[77.6416739,12.3462078],[77.6417131,12.345983],[77.6417385,12.3457681],[77.6417875,12.3455599],[77.6418947,12.3453321],[77.6415924,12.3453969],[77.6414698,12.3451352],[77.6414282,12.3450512],[77.6412703,12.3451192]]]}},{"type":"Feature","properties":{"kind":"waterway","waterway":"stream","intermittent":"yes"},"geometry":{"type":"LineString","coordinates":[[77.6419747,12.3510314],[77.6419743,12.3509769],[77.6419735,12.3508886],[77.6419788,12.3505507],[77.641867,12.3503106],[77.641654,12.3500048],[77.6417577,12.3495636],[77.6418931,12.3492275],[77.6420129,12.3489613],[77.6420584,12.3478563],[77.6421684,12.3476406],[77.6420552,12.3471698],[77.6420732,12.3467166],[77.6420001,12.3465636],[77.6418191,12.3465329]]}},{"type":"Feature","properties":{"kind":"water","water":"basin","intermittent":"yes"},"geometry":{"type":"Polygon","coordinates":[[[77.6414936,12.3511687],[77.6418086,12.351067],[77.6419747,12.3510314],[77.6423875,12.3509428],[77.6424031,12.3512034],[77.6421303,12.3514065],[77.6418718,12.3515202],[77.6416688,12.3516064],[77.6416308,12.3516818],[77.6418104,12.3519658],[77.6416323,12.3520161],[77.6414923,12.3520517],[77.6413955,12.3519353],[77.6414162,12.3517836],[77.6413521,12.3516876],[77.6411612,12.351667],[77.6411083,12.3515164],[77.6411989,12.3514609],[77.6414936,12.3511687]]]}},{"type":"Feature","properties":{"kind":"embankment","man_made":"groyne"},"geometry":{"type":"LineString","coordinates":[[77.6474187,12.3471988],[77.6474239,12.3473891]]}},{"type":"Feature","properties":{"kind":"waterway","waterway":"stream","intermittent":"yes"},"geometry":{"type":"LineString","coordinates":[[77.6477604,12.3452778],[77.6477221,12.3451812],[77.6475675,12.3450482],[77.6472878,12.3445971],[77.6472854,12.3443521],[77.6470639,12.3440744],[77.6466935,12.3438985],[77.6463912,12.3438873],[77.6461968,12.3439987],[77.6461062,12.3438721],[77.645916,12.3438884],[77.6457279,12.3437565],[77.6455408,12.343731],[77.6453017,12.3437787],[77.6452396,12.3436249],[77.6450853,12.343536],[77.6449207,12.343565],[77.6446245,12.3435342]]}},{"type":"Feature","properties":{"kind":"building","building":"hut"},"geometry":{"type":"Polygon","coordinates":[[[77.6461628,12.3531545],[77.6461839,12.3531528],[77.646203,12.3531512],[77.6462065,12.3531906],[77.6461669,12.3531943],[77.6461628,12.3531545]]]}},{"type":"Feature","properties":{"kind":"poi","tourism":"camp_pitch","cat":"camp_pitch"},"geometry":{"type":"Polygon","coordinates":[[[77.645977,12.3528424],[77.6459915,12.3529887],[77.6459136,12.3529961],[77.6459017,12.3528441],[77.6459592,12.3528403],[77.645977,12.3528424]]]}},{"type":"Feature","properties":{"kind":"poi","tourism":"camp_pitch","cat":"camp_pitch"},"geometry":{"type":"Polygon","coordinates":[[[77.6465127,12.3529911],[77.6465293,12.3529889],[77.6465829,12.3529861],[77.6465885,12.3530919],[77.646525,12.3530966],[77.6465127,12.3529911]]]}},{"type":"Feature","properties":{"kind":"water","water":"basin","intermittent":"yes"},"geometry":{"type":"Polygon","coordinates":[[[77.645832,12.3462466],[77.6457911,12.3463627],[77.6458928,12.3466266],[77.6458733,12.3467021],[77.6459419,12.3467711],[77.6460084,12.3468176],[77.6460062,12.3468209],[77.6459783,12.3468526],[77.6459093,12.3468216],[77.6458491,12.3467821],[77.6457258,12.3466717],[77.6456321,12.3465376],[77.6455245,12.3464821],[77.6453742,12.3464846],[77.6452103,12.3464092],[77.6451673,12.3463886],[77.6452055,12.3462256],[77.6452647,12.3462036],[77.645391,12.346239],[77.6456324,12.3462747],[77.645832,12.3462466]]]}},{"type":"Feature","properties":{"kind":"water","water":"basin","intermittent":"yes"},"geometry":{"type":"Polygon","coordinates":[[[77.6445333,12.3505116],[77.6445031,12.3505397],[77.6444326,12.3504731],[77.6442952,12.3504328],[77.6443047,12.3500034],[77.6442851,12.3499069],[77.6442565,12.3498184],[77.6441344,12.3495768],[77.6440852,12.3494177],[77.6439905,12.3492842],[77.643947,12.3481216],[77.6443635,12.3479077],[77.6446936,12.3478043],[77.6447209,12.34784],[77.6447459,12.3479178],[77.6448083,12.3480072],[77.6449305,12.3480984],[77.6450016,12.3481405],[77.6449666,12.3481377],[77.6445068,12.3481349],[77.6445369,12.3481998],[77.6445538,12.3482689],[77.6445616,12.3483372],[77.6445137,12.3484419],[77.6444964,12.348495],[77.6444844,12.3485408],[77.644469,12.3486383],[77.6444678,12.3487331],[77.644528,12.3488365],[77.6444348,12.3489542],[77.6443635,12.3490673],[77.6442984,12.3491903],[77.6442427,12.3493255],[77.6442386,12.3493812],[77.6443102,12.34958],[77.6443727,12.3497358],[77.644492,12.3499704],[77.6445005,12.350117],[77.6444905,12.3503512],[77.6444764,12.350447],[77.6445333,12.3505116]]]}},{"type":"Feature","properties":{"kind":"water","water":"basin","intermittent":"yes"},"geometry":{"type":"Polygon","coordinates":[[[77.6462595,12.3532231],[77.6461874,12.3533307],[77.6461232,12.3534321],[77.6460467,12.3533911],[77.6459933,12.3533502],[77.6456414,12.3531459],[77.6455745,12.3530735],[77.6455597,12.3529517],[77.6456781,12.3531468],[77.6459585,12.3531445],[77.6462595,12.3532231]]]}},{"type":"Feature","properties":{"kind":"waterway","waterway":"stream"},"geometry":{"type":"LineString","coordinates":[[77.6460471,12.3350613],[77.6460955,12.3349674]]}},{"type":"Feature","properties":{"kind":"waterway","waterway":"stream"},"geometry":{"type":"LineString","coordinates":[[77.6462308,12.3357914],[77.646175,12.3357492],[77.6459717,12.3355905],[77.6458761,12.3353885],[77.6459154,12.3351212],[77.6460215,12.3351109],[77.6460471,12.3350613]]}},{"type":"Feature","properties":{"kind":"waterway","waterway":"stream"},"geometry":{"type":"LineString","coordinates":[[77.646311,12.335852],[77.6462308,12.3357914]]}},{"type":"Feature","properties":{"kind":"waterway","waterway":"stream"},"geometry":{"type":"LineString","coordinates":[[77.6460955,12.3349674],[77.646129,12.3349023],[77.6462509,12.3348588],[77.6465738,12.3347694],[77.6468805,12.3346027],[77.6474659,12.3345583],[77.6478273,12.3346563],[77.648285,12.334646],[77.6485327,12.3345817],[77.6487314,12.3342202],[77.6487819,12.3339391],[77.648816,12.3335749],[77.6491418,12.3332839],[77.649489,12.3332648],[77.6497379,12.3333151],[77.6501666,12.3330816],[77.6506561,12.3327472],[77.6509117,12.332395],[77.6511745,12.3319689],[77.6518507,12.331848],[77.6519776,12.3315294],[77.6522853,12.3313229],[77.6525439,12.3313189],[77.6530347,12.3309749],[77.653817,12.3290071],[77.6541694,12.3289647],[77.6543963,12.3289186],[77.6546524,12.3287605],[77.6546744,12.3285312],[77.6544414,12.3282803],[77.6542138,12.328155],[77.6543441,12.3276436],[77.6542942,12.3272143],[77.6543645,12.3270204],[77.6547178,12.3267604],[77.6548717,12.3265213],[77.6548383,12.3261995],[77.6549576,12.3258212],[77.6550168,12.3256684],[77.6549909,12.3253698],[77.6551509,12.3250062],[77.6553049,12.324548],[77.6553883,12.3243435],[77.6553842,12.3241724]]}},{"type":"Feature","properties":{"kind":"waterway","waterway":"stream","intermittent":"yes"},"geometry":{"type":"LineString","coordinates":[[77.650925,12.3455444],[77.6504031,12.34526],[77.6503297,12.3448185],[77.6505098,12.3446176],[77.6502387,12.3444701],[77.6501558,12.344471],[77.6498506,12.3442379],[77.6497927,12.3442526],[77.6495388,12.3441541],[77.6491613,12.3440352],[77.6491648,12.3438067],[77.6489574,12.3436101],[77.6485202,12.3433404],[77.6482925,12.34311],[77.6477019,12.3428293],[77.6471351,12.3425833],[77.6469351,12.3424417],[77.6469226,12.3417263],[77.6471384,12.3415907],[77.6470096,12.3413864],[77.6470902,12.3412657],[77.646918,12.3407164],[77.6467871,12.3405856],[77.6468405,12.3404713],[77.6467423,12.3402502],[77.6465547,12.3402076],[77.6464494,12.3400453],[77.6464521,12.3399358],[77.6462467,12.3396844],[77.6462578,12.3394919],[77.6461028,12.3391507],[77.6459646,12.3391087],[77.6458426,12.3388944],[77.6456548,12.338495]]}},{"type":"Feature","properties":{"kind":"water","water":"basin","intermittent":"yes"},"geometry":{"type":"Polygon","coordinates":[[[77.6485656,12.3496167],[77.6485203,12.3494172],[77.6481873,12.3495864],[77.6481256,12.3493965],[77.6479555,12.3494453],[77.6477235,12.3494301],[77.6472844,12.3494667],[77.6471615,12.3494917],[77.6470669,12.3495203],[77.6469938,12.3495086],[77.6470059,12.34954],[77.6470569,12.3495445],[77.6471702,12.3495354],[77.6472719,12.3495345],[77.6474095,12.3495206],[77.6476387,12.3495012],[77.6476884,12.3495153],[77.6477517,12.3495089],[77.6479948,12.3495814],[77.6480092,12.3495411],[77.6480426,12.3495864],[77.648124,12.3495787],[77.6481703,12.3496287],[77.6481394,12.3497227],[77.6485656,12.3496167]]]}},{"type":"Feature","properties":{"kind":"waterway","waterway":"stream","intermittent":"yes"},"geometry":{"type":"LineString","coordinates":[[77.6483188,12.3496006],[77.6483212,12.349467],[77.648313,12.3492775],[77.6483383,12.3491497],[77.6484772,12.3488499],[77.648513,12.3487573],[77.6485039,12.3486293],[77.6484456,12.348479],[77.6483355,12.3483165],[77.6483204,12.3482408],[77.6484071,12.3480739]]}},{"type":"Feature","properties":{"kind":"waterway","waterway":"stream","intermittent":"yes"},"geometry":{"type":"LineString","coordinates":[[77.6487587,12.3493255],[77.6486847,12.3490393],[77.6485971,12.3488183],[77.648513,12.3487573]]}},{"type":"Feature","properties":{"kind":"water","water":"basin","intermittent":"yes"},"geometry":{"type":"Polygon","coordinates":[[[77.6494257,12.347817],[77.6491622,12.347867],[77.649075,12.3479005],[77.6489836,12.3479159],[77.6488736,12.347897],[77.6484518,12.3477922],[77.6484126,12.3477859],[77.6483678,12.3477733],[77.6483107,12.3477264],[77.6484711,12.3476034],[77.6486331,12.3476311],[77.6487909,12.3476488],[77.6488959,12.3476844],[77.6489982,12.3477315],[77.6491416,12.347712],[77.6492894,12.3477111],[77.6494371,12.3477236],[77.6494257,12.347817]]]}},{"type":"Feature","properties":{"kind":"water","water":"basin","intermittent":"yes"},"geometry":{"type":"Polygon","coordinates":[[[77.64913,12.3491376],[77.6490922,12.3490696],[77.6490518,12.3489621],[77.6489874,12.3488191],[77.6488954,12.3486867],[77.6488499,12.3486326],[77.6488124,12.3485789],[77.6487928,12.3485217],[77.6487523,12.3484413],[77.6486894,12.3484053],[77.6486581,12.3483938],[77.6486217,12.3483864],[77.6485599,12.3483435],[77.6485053,12.3482942],[77.6484586,12.3482378],[77.6484329,12.3482243],[77.6483767,12.3481848],[77.6483534,12.348155],[77.648326,12.3480923],[77.648292,12.3480385],[77.648247,12.3479847],[77.6481958,12.3479375],[77.6482877,12.3477664],[77.6484299,12.3478372],[77.6486435,12.3479103],[77.6486492,12.3480199],[77.6486434,12.3480869],[77.6486495,12.3481156],[77.6487358,12.3481693],[77.6488139,12.3482359],[77.6489105,12.3483417],[77.649029,12.3484397],[77.649089,12.3485362],[77.649178,12.3487245],[77.6492208,12.3487728],[77.6492576,12.3488247],[77.6492997,12.3489422],[77.6493216,12.3490647],[77.64913,12.3491376]]]}},{"type":"Feature","properties":{"kind":"embankment","man_made":"groyne"},"geometry":{"type":"LineString","coordinates":[[77.6481958,12.3479375],[77.648224,12.3478848],[77.6482877,12.3477664]]}},{"type":"Feature","properties":{"kind":"water","water":"basin","intermittent":"yes"},"geometry":{"type":"Polygon","coordinates":[[[77.647007,12.3472521],[77.6470018,12.3472046],[77.646973,12.3471841],[77.6469422,12.3471529],[77.6468968,12.347067],[77.6468355,12.3469774],[77.6467626,12.3468864],[77.6466498,12.3468833],[77.6465374,12.346865],[77.6464663,12.346838],[77.6463939,12.3468045],[77.6462511,12.3468222],[77.6461049,12.3468522],[77.6460362,12.346867],[77.6459783,12.3468526],[77.6460062,12.3468209],[77.6460178,12.3468272],[77.6460567,12.3468273],[77.6460833,12.3468232],[77.6461814,12.3467612],[77.6462351,12.3467005],[77.6464417,12.3467044],[77.6465186,12.3467188],[77.6465997,12.3467422],[77.646764,12.3467803],[77.6469246,12.3467956],[77.647051,12.3470057],[77.647048,12.3470141],[77.6470167,12.3471968],[77.647007,12.3472521]]]}},{"type":"Feature","properties":{"kind":"water","water":"basin","intermittent":"yes"},"geometry":{"type":"Polygon","coordinates":[[[77.6462595,12.3532231],[77.6466612,12.3531473],[77.646726,12.3531124],[77.6468849,12.3530707],[77.6471709,12.3529992],[77.6473099,12.3530166],[77.6476026,12.3529399],[77.647719,12.3529446],[77.6477707,12.3529798],[77.6478483,12.3530364],[77.647958,12.3530823],[77.6479127,12.3533552],[77.6478058,12.3533781],[77.6477497,12.3533714],[77.6474608,12.3532635],[77.647228,12.3532389],[77.6471285,12.3532181],[77.6470132,12.35327],[77.6468056,12.3533134],[77.6467801,12.3533365],[77.6466346,12.3534124],[77.6465237,12.3534251],[77.6464009,12.3535159],[77.6463421,12.3535286],[77.6461871,12.3535487],[77.6461232,12.3534321],[77.6461874,12.3533307],[77.6462595,12.3532231]]]}},{"type":"Feature","properties":{"kind":"water","water":"basin","intermittent":"yes"},"geometry":{"type":"Polygon","coordinates":[[[77.6463421,12.3535286],[77.6463419,12.3535887],[77.6463539,12.3536493],[77.6463768,12.353693],[77.6464151,12.353727],[77.6464609,12.3537573],[77.646506,12.3537778],[77.6465548,12.3537914],[77.6465999,12.3537907],[77.646674,12.3538221],[77.6467917,12.3537864],[77.6468958,12.353743],[77.6470379,12.3538052],[77.6471628,12.3538729],[77.6472836,12.3539467],[77.6473282,12.3540151],[77.6473625,12.3540931],[77.6473915,12.3541435],[77.6474343,12.3542638],[77.6474911,12.3543769],[77.6473472,12.3544019],[77.647285,12.3542968],[77.6471088,12.3541565],[77.646997,12.3539457],[77.6467642,12.3539332],[77.6465473,12.3539078],[77.6463281,12.3538678],[77.6462913,12.3538371],[77.6462574,12.3538043],[77.6462255,12.3536981],[77.6461942,12.3535517],[77.6461871,12.3535487],[77.6463421,12.3535286]]]}},{"type":"Feature","properties":{"kind":"embankment","man_made":"groyne"},"geometry":{"type":"LineString","coordinates":[[77.6446327,12.3474935],[77.6448257,12.3474099],[77.6449458,12.347384]]}},{"type":"Feature","properties":{"kind":"path","highway":"path"},"geometry":{"type":"LineString","coordinates":[[77.645058,12.3477361],[77.645108,12.3478348],[77.6451793,12.3480555],[77.6451868,12.3481061],[77.6451041,12.3481601],[77.6449654,12.3481673],[77.6448853,12.3481514],[77.6447748,12.3480585],[77.6446875,12.3479403],[77.6446361,12.3478415]]}},{"type":"Feature","properties":{"kind":"water","water":"basin","intermittent":"yes"},"geometry":{"type":"Polygon","coordinates":[[[77.6446327,12.3474935],[77.6447602,12.3477833],[77.6448807,12.3476682],[77.6449654,12.3476402],[77.6449808,12.3475547],[77.6449886,12.3474749],[77.6449458,12.347384],[77.6448257,12.3474099],[77.6446327,12.3474935]]]}},{"type":"Feature","properties":{"kind":"water","water":"basin","intermittent":"yes"},"geometry":{"type":"Polygon","coordinates":[[[77.6457337,12.3482293],[77.6455775,12.3480122],[77.6455641,12.3479462],[77.6454687,12.3478339],[77.6454471,12.3478269],[77.645376,12.3476947],[77.6452155,12.3476235],[77.6451966,12.3475979],[77.6451729,12.3475427],[77.6451513,12.347515],[77.6450496,12.3475019],[77.6449886,12.3474749],[77.6449808,12.3475547],[77.6449654,12.3476402],[77.645007,12.3476511],[77.6450846,12.3476382],[77.6451233,12.3477202],[77.645285,12.3477544],[77.6453152,12.3477968],[77.6453517,12.3478912],[77.6454655,12.3480193],[77.645508,12.3480122],[77.6456285,12.3481841],[77.6457122,12.3482576],[77.6457337,12.3482293]]]}},{"type":"Feature","properties":{"kind":"waterway","waterway":"stream","intermittent":"yes"},"geometry":{"type":"LineString","coordinates":[[77.6452605,12.3545718],[77.6452537,12.3545369],[77.6451996,12.3544361],[77.6451838,12.354385],[77.6451445,12.3542265],[77.6452074,12.3541689],[77.64524,12.3540369],[77.6452431,12.3539121],[77.6452665,12.3538727],[77.6453217,12.3535767],[77.645305,12.3533889],[77.6452746,12.3530004]]}},{"type":"Feature","properties":{"kind":"water","water":"basin","intermittent":"yes"},"geometry":{"type":"Polygon","coordinates":[[[77.6484578,12.3460438],[77.6484317,12.3460213],[77.6484156,12.3459911],[77.6484116,12.3459573],[77.6484202,12.3459244],[77.6484404,12.3458967],[77.6484694,12.3458778],[77.6485034,12.3458705],[77.6485379,12.3458755],[77.6485719,12.3458954],[77.6485947,12.3459272],[77.6486023,12.3459652],[77.6485934,12.346003],[77.6485696,12.346034],[77.6485349,12.3460529],[77.6484954,12.3460563],[77.6484578,12.3460438]]]}},{"type":"Feature","properties":{"kind":"leisure"},"geometry":{"type":"Polygon","coordinates":[[[77.6461285,12.3531218],[77.6461527,12.3531196],[77.6461836,12.3531167],[77.6462396,12.3531116],[77.6462258,12.3529308],[77.6461049,12.3529079],[77.6461285,12.3531218]]]}},{"type":"Feature","properties":{"kind":"waterway","waterway":"stream"},"geometry":{"type":"LineString","coordinates":[[77.6296499,12.3620067],[77.6296477,12.3619858],[77.6296186,12.3616021],[77.6295576,12.3614226],[77.6295427,12.3611976],[77.6297,12.3609754],[77.6296961,12.3608593],[77.6297662,12.3606381],[77.6297234,12.3604712],[77.6297471,12.3601407],[77.6300758,12.3596171],[77.6301985,12.3590268],[77.6302232,12.357927],[77.6303311,12.3575338],[77.6306889,12.3571907],[77.6307864,12.3570573],[77.630858,12.3569238],[77.6310011,12.356981],[77.6310596,12.3571526],[77.6311832,12.3572606],[77.631515,12.3572415],[77.6317296,12.3570255],[77.6317231,12.3568222],[77.6311377,12.3559135],[77.6311312,12.3557928],[77.6313263,12.3556085],[77.63158,12.3555704],[77.6317361,12.3554878],[77.6319248,12.3553734],[77.6321459,12.355348],[77.6323541,12.3553162],[77.6324907,12.3550938],[77.6325102,12.3549096],[77.6323216,12.3548778],[77.6321004,12.3546872],[77.6320939,12.354522],[77.6321264,12.3543695],[77.6322175,12.3542551],[77.6323411,12.3540962],[77.6324777,12.3539882],[77.6327314,12.3539882],[77.6328875,12.3540899],[77.6330111,12.3541916],[77.6330501,12.3543059],[77.6331477,12.3544267],[77.6332517,12.3544966],[77.6333883,12.3544711],[77.6335444,12.3543123],[77.6337006,12.3541534],[77.63359,12.3540327],[77.63359,12.3539374],[77.633642,12.353804],[77.6337331,12.3537341],[77.6338567,12.3537214],[77.6342795,12.3537912],[77.6346047,12.3530224],[77.6347218,12.352908],[77.6349104,12.3527555],[77.6350926,12.3528127],[77.6352227,12.3529906],[77.6353267,12.3532321],[77.6354503,12.3533083],[77.635639,12.3532003],[77.6360813,12.3526094],[77.6361594,12.3524188],[77.6361587,12.3522622],[77.6361299,12.3521133],[77.6361305,12.3519345],[77.6361854,12.3517897],[77.636348,12.3516308],[77.6365171,12.3513894],[77.6365952,12.3511034],[77.6366104,12.350713],[77.6367252,12.3504464]]}},{"type":"Feature","properties":{"kind":"building","building":"hut"},"geometry":{"type":"Polygon","coordinates":[[[77.6460735,12.3531199],[77.6460265,12.3531248],[77.6460355,12.3531819],[77.6460783,12.3531796],[77.6460774,12.3531682],[77.6460735,12.3531199]]]}},{"type":"Feature","properties":{"kind":"poi","amenity":"toilets","building":"yes","cat":"toilets"},"geometry":{"type":"Polygon","coordinates":[[[77.6464005,12.3530293],[77.6464013,12.3529751],[77.6463448,12.3529773],[77.6463468,12.3530048],[77.6463484,12.3530329],[77.6464005,12.3530293]]]}},{"type":"Feature","properties":{"kind":"path","highway":"path"},"geometry":{"type":"LineString","coordinates":[[77.6462482,12.3529215],[77.6463448,12.3529773]]}},{"type":"Feature","properties":{"kind":"path","highway":"path"},"geometry":{"type":"LineString","coordinates":[[77.6459695,12.3528167],[77.6459592,12.3528403]]}},{"type":"Feature","properties":{"kind":"path","highway":"path"},"geometry":{"type":"LineString","coordinates":[[77.6462482,12.3529215],[77.6463382,12.3529204],[77.6464194,12.3529164]]}},{"type":"Feature","properties":{"kind":"path","highway":"path"},"geometry":{"type":"LineString","coordinates":[[77.6463448,12.3529773],[77.6463468,12.3530048],[77.6463181,12.3530553],[77.6463096,12.3530847]]}},{"type":"Feature","properties":{"kind":"path","highway":"path"},"geometry":{"type":"LineString","coordinates":[[77.6463382,12.3529204],[77.6463448,12.3529773]]}},{"type":"Feature","properties":{"kind":"building","building":"stable"},"geometry":{"type":"Polygon","coordinates":[[[77.6464168,12.3510267],[77.646479,12.3510026],[77.6464683,12.3509686],[77.6464033,12.3509882],[77.6464168,12.3510267]]]}},{"type":"Feature","properties":{"kind":"water","water":"reservoir","intermittent":"yes"},"geometry":{"type":"Polygon","coordinates":[[[77.6433798,12.3400182],[77.6433288,12.3399433],[77.6430754,12.3393632],[77.643589,12.3390991],[77.6436204,12.3391609],[77.6436658,12.3393836],[77.6436366,12.339589],[77.643693,12.339776],[77.6435699,12.3399179],[77.6433798,12.3400182]]]}},{"type":"Feature","properties":{"kind":"building","building":"house"},"geometry":{"type":"Polygon","coordinates":[[[77.6473088,12.3469936],[77.6473445,12.3467845],[77.647,12.3466628],[77.6469438,12.3467751],[77.6473088,12.3469936]]]}},{"type":"Feature","properties":{"kind":"path","name":"TVC H1 Road","highway":"path"},"geometry":{"type":"LineString","coordinates":[[77.6454342,12.3487272],[77.6454158,12.3491506],[77.6451752,12.3491999]]}},{"type":"Feature","properties":{"kind":"poi","amenity":"parking","cat":"parking"},"geometry":{"type":"Polygon","coordinates":[[[77.6451051,12.3497268],[77.6452279,12.3497218],[77.6452018,12.3492895],[77.6451748,12.3493049],[77.6451051,12.3497268]]]}},{"type":"Feature","properties":{"kind":"path","highway":"path"},"geometry":{"type":"LineString","coordinates":[[77.6455513,12.352246],[77.6455868,12.3522693],[77.6456235,12.3523312]]}},{"type":"Feature","properties":{"kind":"path","highway":"path"},"geometry":{"type":"LineString","coordinates":[[77.6455275,12.3534536],[77.64544,12.3533883],[77.6453861,12.3532902],[77.645377,12.3532172],[77.6453645,12.3531347],[77.6453807,12.3530328],[77.645429,12.352946],[77.6454948,12.3528672],[77.6455374,12.3528249],[77.6456388,12.3527436]]}},{"type":"Feature","properties":{"kind":"path","highway":"path"},"geometry":{"type":"LineString","coordinates":[[77.645801,12.3524861],[77.6457675,12.352562],[77.645762,12.3526451],[77.6457055,12.3527111],[77.6456388,12.3527436]]}},{"type":"Feature","properties":{"kind":"path","highway":"path"},"geometry":{"type":"LineString","coordinates":[[77.645762,12.3526451],[77.6457601,12.3527171]]}},{"type":"Feature","properties":{"kind":"waterway","waterway":"ditch"},"geometry":{"type":"LineString","coordinates":[[77.6458737,12.3534797],[77.645788,12.3534951],[77.6456953,12.3535155],[77.6456205,12.3535047],[77.6455351,12.3534674]]}},{"type":"Feature","properties":{"kind":"waterway","waterway":"ditch"},"geometry":{"type":"LineString","coordinates":[[77.6457794,12.3527625],[77.6457741,12.3527373],[77.6457745,12.3527192],[77.6457761,12.3526509],[77.6457796,12.3525668],[77.6458046,12.3525083]]}},{"type":"Feature","properties":{"kind":"waterway","waterway":"ditch"},"geometry":{"type":"LineString","coordinates":[[77.6458198,12.3524737],[77.6458128,12.3524421],[77.6457956,12.352395],[77.6457728,12.3523293],[77.6456958,12.3522371]]}},{"type":"Feature","properties":{"kind":"waterway","waterway":"ditch"},"geometry":{"type":"LineString","coordinates":[[77.6458046,12.3525083],[77.6458198,12.3524737]]}},{"type":"Feature","properties":{"kind":"waterway","waterway":"ditch"},"geometry":{"type":"LineString","coordinates":[[77.6457398,12.3527253],[77.6457741,12.3527373]]}},{"type":"Feature","properties":{"kind":"waterway","waterway":"ditch"},"geometry":{"type":"LineString","coordinates":[[77.6456958,12.3522371],[77.6456666,12.3522103]]}},{"type":"Feature","properties":{"kind":"path","highway":"path"},"geometry":{"type":"LineString","coordinates":[[77.6462258,12.3529178],[77.6462258,12.3529308],[77.6462396,12.3531116],[77.6461836,12.3531167],[77.6461527,12.3531196],[77.6461285,12.3531218],[77.6461049,12.3529079],[77.6461041,12.3528832]]}},{"type":"Feature","properties":{"kind":"path","highway":"path"},"geometry":{"type":"LineString","coordinates":[[77.6461836,12.3531167],[77.6461839,12.3531528]]}},{"type":"Feature","properties":{"kind":"path","highway":"path"},"geometry":{"type":"LineString","coordinates":[[77.6460774,12.3531682],[77.6460735,12.3531199]]}},{"type":"Feature","properties":{"kind":"path","highway":"track"},"geometry":{"type":"LineString","coordinates":[[77.6456602,12.3522289],[77.6457488,12.3523396],[77.645801,12.3524861],[77.645899,12.3525617],[77.6459497,12.3528073],[77.6459695,12.3528167],[77.6461041,12.3528832],[77.6461411,12.3529015],[77.6461718,12.3529074],[77.6462258,12.3529178],[77.6462482,12.3529215]]}},{"type":"Feature","properties":{"kind":"path","highway":"path"},"geometry":{"type":"LineString","coordinates":[[77.6463382,12.3529204],[77.6463201,12.3526725]]}},{"type":"Feature","properties":{"kind":"path","highway":"path"},"geometry":{"type":"LineString","coordinates":[[77.6465257,12.3529805],[77.6465079,12.3529807],[77.6465185,12.3531036],[77.6465538,12.3531439],[77.6465713,12.3531872],[77.6465553,12.3532211],[77.6465305,12.3532495],[77.6465035,12.3532555],[77.6464924,12.3532433],[77.6464736,12.3532526],[77.6464861,12.35327],[77.6465066,12.3532986],[77.6465114,12.3533315],[77.6464883,12.3533681],[77.6464444,12.3533975],[77.6464097,12.3534555],[77.646397,12.353479],[77.6464186,12.3535245],[77.646382,12.3535549],[77.6463803,12.353651]]}},{"type":"Feature","properties":{"kind":"path","highway":"path"},"geometry":{"type":"LineString","coordinates":[[77.6463803,12.353651],[77.6463309,12.3537114],[77.6463314,12.3537376]]}},{"type":"Feature","properties":{"kind":"path","highway":"path"},"geometry":{"type":"LineString","coordinates":[[77.6463803,12.353651],[77.6464094,12.3536952],[77.6464645,12.3537331],[77.6465373,12.3537497],[77.6466531,12.3537655],[77.646722,12.3537452],[77.646783,12.3537558],[77.6468625,12.3537434],[77.6468541,12.3537014],[77.6468386,12.3536729],[77.6468376,12.3535956],[77.6468976,12.3535263],[77.6469475,12.3534482],[77.6469863,12.3534004],[77.6470213,12.3533207],[77.6470149,12.3532822],[77.6470268,12.3532308]]}},{"type":"Feature","properties":{"kind":"waterway","waterway":"stream"},"geometry":{"type":"LineString","coordinates":[[77.6385579,12.346912],[77.6386891,12.3468399],[77.6390073,12.3465378],[77.6392109,12.3462688],[77.639339,12.3460338],[77.6394459,12.3458702],[77.6397433,12.3456786],[77.6399282,12.3455036],[77.6402453,12.3453487],[77.6406309,12.3452267],[77.6412703,12.3451192],[77.6414282,12.3450512],[77.6417373,12.3448291],[77.6420092,12.3446294],[77.6422506,12.3444647],[77.6424517,12.344268],[77.6427111,12.34405],[77.6429223,12.3437502],[77.6431281,12.3435006],[77.6433005,12.3432399],[77.643609,12.3430889],[77.6438179,12.3429823],[77.6440774,12.3428662],[77.6441111,12.3428377],[77.6441398,12.342812]]}},{"type":"Feature","properties":{"kind":"waterway","waterway":"stream"},"geometry":{"type":"LineString","coordinates":[[77.6441398,12.342812],[77.6441685,12.3427864],[77.6441972,12.342757]]}},{"type":"Feature","properties":{"kind":"path","highway":"path"},"geometry":{"type":"LineString","coordinates":[[77.6451993,12.3514904],[77.6452166,12.3515554]]}},{"type":"Feature","properties":{"kind":"path","highway":"steps"},"geometry":{"type":"LineString","coordinates":[[77.6452166,12.3515554],[77.6452816,12.3517988]]}},{"type":"Feature","properties":{"kind":"path","highway":"path"},"geometry":{"type":"LineString","coordinates":[[77.6464754,12.3529246],[77.6465138,12.3529532],[77.6465257,12.3529805],[77.6465293,12.3529889]]}},{"type":"Feature","properties":{"kind":"path","highway":"steps"},"geometry":{"type":"LineString","coordinates":[[77.6464194,12.3529164],[77.6464754,12.3529246]]}},{"type":"Feature","properties":{"kind":"path","highway":"path"},"geometry":{"type":"LineString","coordinates":[[77.6461527,12.3531196],[77.6461066,12.3531749]]}},{"type":"Feature","properties":{"kind":"path","highway":"steps"},"geometry":{"type":"LineString","coordinates":[[77.6461066,12.3531749],[77.6460774,12.3531682]]}},{"type":"Feature","properties":{"kind":"path","highway":"path"},"geometry":{"type":"LineString","coordinates":[[77.646583,12.3528995],[77.646636,12.3528629],[77.6466219,12.3526287]]}},{"type":"Feature","properties":{"kind":"path","highway":"path"},"geometry":{"type":"LineString","coordinates":[[77.6465138,12.3529532],[77.6465299,12.3529361]]}},{"type":"Feature","properties":{"kind":"path","highway":"steps"},"geometry":{"type":"LineString","coordinates":[[77.6465299,12.3529361],[77.646583,12.3528995]]}},{"type":"Feature","properties":{"kind":"building","name":"H# 01","building":"house"},"geometry":{"type":"Polygon","coordinates":[[[77.6469697,12.346767],[77.6470275,12.3468064],[77.6470831,12.3467127],[77.6470111,12.3466818],[77.6469697,12.346767]]]}},{"type":"Feature","properties":{"kind":"building","name":"H#02","building":"house"},"geometry":{"type":"Polygon","coordinates":[[[77.6470405,12.3468107],[77.6470929,12.3467233],[77.6471397,12.3467393],[77.6470972,12.3468447],[77.6470405,12.3468107]]]}},{"type":"Feature","properties":{"kind":"building","name":"H#03","building":"house"},"geometry":{"type":"Polygon","coordinates":[[[77.6471103,12.3468501],[77.6471452,12.3467478],[77.6471997,12.3467713],[77.6471441,12.3468745],[77.6471103,12.3468501]]]}},{"type":"Feature","properties":{"kind":"building","name":"H# 04","building":"house"},"geometry":{"type":"Polygon","coordinates":[[[77.6471528,12.3468788],[77.6472106,12.3467744],[77.6472542,12.3467894],[77.6472084,12.3469054],[77.6471528,12.3468788]]]}},{"type":"Feature","properties":{"kind":"building","name":"H# 05","building":"house"},"geometry":{"type":"Polygon","coordinates":[[[77.6472182,12.3469118],[77.6472814,12.3469406],[77.6473065,12.3468064],[77.647264,12.3467979],[77.6472182,12.3469118]]]}},{"type":"Feature","properties":{"kind":"building","name":"H# 06","building":"house"},"geometry":{"type":"Polygon","coordinates":[[[77.6473501,12.3469864],[77.6474112,12.346997],[77.647446,12.346832],[77.6473621,12.3468181],[77.6473501,12.3469864]]]}},{"type":"Feature","properties":{"kind":"building","name":"H#07","building":"house"},"geometry":{"type":"Polygon","coordinates":[[[77.6474264,12.3469981],[77.6474548,12.3468351],[77.6475278,12.3468511],[77.6474875,12.3470151],[77.6474264,12.3469981]]]}},{"type":"Feature","properties":{"kind":"building","name":"H# 08","building":"house"},"geometry":{"type":"Polygon","coordinates":[[[77.6475016,12.3470183],[77.6475398,12.3468554],[77.6476052,12.3468671],[77.6475594,12.3470289],[77.6475016,12.3470183]]]}},{"type":"Feature","properties":{"kind":"building","name":"H# 09","building":"house"},"geometry":{"type":"Polygon","coordinates":[[[77.6475801,12.3470268],[77.6476161,12.3468692],[77.6476684,12.3468777],[77.6476172,12.3470375],[77.6475801,12.3470268]]]}},{"type":"Feature","properties":{"kind":"building","name":"H# 10","building":"house"},"geometry":{"type":"Polygon","coordinates":[[[77.6476346,12.3470353],[77.6477142,12.347047],[77.6477305,12.3468937],[77.647676,12.3468852],[77.6476346,12.3470353]]]}},{"type":"Feature","properties":{"kind":"building","name":"H# 11","building":"house"},"geometry":{"type":"Polygon","coordinates":[[[77.6477774,12.3470588],[77.6478504,12.3470726],[77.6478722,12.3469278],[77.6478036,12.3469161],[77.6477774,12.3470588]]]}},{"type":"Feature","properties":{"kind":"building","name":"H# 12","building":"house"},"geometry":{"type":"Polygon","coordinates":[[[77.6478635,12.3470737],[77.6478864,12.346931],[77.6479584,12.3469395],[77.6479246,12.3470854],[77.6478635,12.3470737]]]}},{"type":"Feature","properties":{"kind":"building","name":"H# 13","building":"house"},"geometry":{"type":"Polygon","coordinates":[[[77.6479496,12.3470864],[77.6479714,12.3469416],[77.648039,12.346948],[77.6479954,12.3470971],[77.6479496,12.3470864]]]}},{"type":"Feature","properties":{"kind":"building","name":"H# 14","building":"house"},"geometry":{"type":"Polygon","coordinates":[[[77.6480209,12.3470951],[77.6480934,12.3471092],[77.6481225,12.346966],[77.64805,12.3469519],[77.6480209,12.3470951]]]}},{"type":"Feature","properties":{"kind":"building","name":"H# 15","building":"house"},"geometry":{"type":"Polygon","coordinates":[[[77.6481088,12.3471088],[77.6481862,12.3471195],[77.6482025,12.34698],[77.6481349,12.3469704],[77.6481088,12.3471088]]]}},{"type":"Feature","properties":{"kind":"poi","amenity":"parking","cat":"parking"},"geometry":{"type":"Polygon","coordinates":[[[77.64513,12.349281],[77.6450124,12.3492977],[77.6450609,12.3497172],[77.64513,12.349281]]]}},{"type":"Feature","properties":{"kind":"building","name":"House No 37","building":"house"},"geometry":{"type":"Polygon","coordinates":[[[77.645304,12.3483377],[77.6453404,12.3483359],[77.6454136,12.3483323],[77.6453845,12.348103],[77.645308,12.3481276],[77.6453057,12.3482389],[77.645304,12.3483377]]]}},{"type":"Feature","properties":{"kind":"building","name":"House No 50","building":"house"},"geometry":{"type":"Polygon","coordinates":[[[77.6454698,12.3485409],[77.6455889,12.3485151],[77.6455882,12.3484054],[77.6454818,12.34841],[77.6454509,12.3484113],[77.6454698,12.3485409]]]}},{"type":"Feature","properties":{"kind":"leisure"},"geometry":{"type":"Polygon","coordinates":[[[77.6461578,12.3522323],[77.6460139,12.3521947],[77.6460072,12.3522498],[77.6460746,12.3525598],[77.6461423,12.3525676],[77.6461359,12.3525366],[77.6461578,12.3525357],[77.6461774,12.352535],[77.6461578,12.3522323]]]}},{"type":"Feature","properties":{"kind":"path","highway":"track"},"geometry":{"type":"LineString","coordinates":[[77.6461718,12.3529074],[77.646205,12.3527164],[77.6461889,12.3526373],[77.6461578,12.3525357]]}},{"type":"Feature","properties":{"kind":"path","highway":"path"},"geometry":{"type":"LineString","coordinates":[[77.6454158,12.3491506],[77.6456808,12.349123]]}},{"type":"Feature","properties":{"kind":"path","highway":"path"},"geometry":{"type":"LineString","coordinates":[[77.6457865,12.3485146],[77.6458115,12.3487431]]}},{"type":"Feature","properties":{"kind":"path","highway":"path"},"geometry":{"type":"LineString","coordinates":[[77.6456808,12.349123],[77.6457291,12.3490643],[77.645778,12.3489649],[77.6457962,12.3488385],[77.6458256,12.348792],[77.6458115,12.3487431]]}},{"type":"Feature","properties":{"kind":"path","highway":"path"},"geometry":{"type":"LineString","coordinates":[[77.6453054,12.3488904],[77.6446026,12.349031],[77.6443623,12.3489578],[77.6442237,12.3489501]]}},{"type":"Feature","properties":{"kind":"path","highway":"path"},"geometry":{"type":"LineString","coordinates":[[77.6441408,12.3489455],[77.6440811,12.3489422],[77.6439839,12.3489563]]}},{"type":"Feature","properties":{"kind":"path","highway":"path"},"geometry":{"type":"LineString","coordinates":[[77.6442237,12.3489501],[77.6441408,12.3489455]]}},{"type":"Feature","properties":{"kind":"path","highway":"path"},"geometry":{"type":"LineString","coordinates":[[77.6446361,12.3478415],[77.6445806,12.3478305],[77.6445303,12.347871],[77.6444814,12.3478823],[77.6444531,12.3478419],[77.6443462,12.3478182],[77.6442498,12.3478565],[77.6441966,12.3478515],[77.644115,12.347769],[77.6439984,12.3477507],[77.6439035,12.3477446]]}},{"type":"Feature","properties":{"kind":"path","highway":"path"},"geometry":{"type":"LineString","coordinates":[[77.6440719,12.3479792],[77.6440505,12.3479365],[77.6440113,12.3478996],[77.6439686,12.3478033],[77.6439035,12.3477446],[77.6438516,12.3477093]]}},{"type":"Feature","properties":{"kind":"path","highway":"path"},"geometry":{"type":"LineString","coordinates":[[77.6448004,12.3484213],[77.6448267,12.3482896],[77.6447976,12.3481763],[77.6448853,12.3481514]]}},{"type":"Feature","properties":{"kind":"path","highway":"path"},"geometry":{"type":"LineString","coordinates":[[77.6458729,12.3534564],[77.6457252,12.3534795],[77.6456586,12.3534833],[77.6455275,12.3534536]]}},{"type":"Feature","properties":{"kind":"waterway","waterway":"stream","intermittent":"yes"},"geometry":{"type":"LineString","coordinates":[[77.6454644,12.3528764],[77.6453847,12.3528282]]}},{"type":"Feature","properties":{"kind":"waterway","waterway":"stream","intermittent":"yes"},"geometry":{"type":"LineString","coordinates":[[77.6454958,12.3529035],[77.6454644,12.3528764]]}},{"type":"Feature","properties":{"kind":"infra"},"geometry":{"type":"LineString","coordinates":[[77.6458076,12.3497144],[77.6463483,12.3509367]]}},{"type":"Feature","properties":{"kind":"building","building":"semidetached_house"},"geometry":{"type":"Polygon","coordinates":[[[77.6465656,12.3510553],[77.6465569,12.3510165],[77.6464136,12.3510639],[77.6464216,12.3510979],[77.6465656,12.3510553]]]}},{"type":"Feature","properties":{"kind":"building","building":"chicken_coop"},"geometry":{"type":"Polygon","coordinates":[[[77.6463844,12.3509738],[77.6463847,12.350958],[77.6464061,12.3509577],[77.6464056,12.3509735],[77.6463844,12.3509738]]]}},{"type":"Feature","properties":{"kind":"building","building":"semidetached_house"},"geometry":{"type":"Polygon","coordinates":[[[77.6460986,12.3466687],[77.6461412,12.3466678],[77.6461387,12.3465223],[77.6460972,12.3465215],[77.6460986,12.3466687]]]}},{"type":"Feature","properties":{"kind":"building","building":"semidetached_house"},"geometry":{"type":"Polygon","coordinates":[[[77.6457704,12.3497083],[77.6458147,12.3496944],[77.6457649,12.3495522],[77.6457232,12.3495688],[77.6457704,12.3497083]]]}}]}